0.15	-0.01	-7.72	0.04	41
0.15	-0.09	-7.67	0.05	41
0.14	-0.17	-7.60	0.06	38
0.14	-0.09	-7.54	0.07	38
0.14	-0.07	-7.47	0.06	34
0.14	-0.02	-7.41	0.06	34
0.14	0.06	-7.36	0.06	38
0.14	0.06	-7.30	0.06	43
0.14	-0.11	-7.23	0.07	41
0.13	-0.13	-7.16	0.07	38
0.13	-0.02	-7.09	0.07	40
0.13	0.01	-7.03	0.07	41
0.13	0.01	-6.96	0.07	43
0.13	-0.08	-6.89	0.07	42
0.13	0.05	-6.82	0.07	48
0.13	-0.03	-6.75	0.07	47
0.13	0.02	-6.67	0.08	54
0.13	-0.09	-6.59	0.08	52
0.13	-0.08	-6.51	0.09	53
0.12	-0.09	-6.42	0.09	52
0.12	-0.02	-6.32	0.09	56
0.11	-0.31	-6.23	0.09	40
0.11	0.06	-6.14	0.09	47
0.12	0.06	-6.06	0.08	50
0.12	0.03	-5.97	0.09	55
0.11	-0.28	-5.88	0.10	45
0.11	-0.03	-5.78	0.10	50
0.10	-0.11	-5.68	0.10	47
0.10	-0.05	-5.58	0.10	47
0.10	-0.19	-5.48	0.10	38
0.10	0.27	-5.39	0.09	57
0.11	0.12	-5.30	0.10	66
0.10	-0.13	-5.17	0.12	71
0.08	-0.63	-5.02	0.15	50
0.06	-0.82	-4.89	0.14	6
0.07	0.20	-4.81	0.08	5
0.11	1.31	-4.78	0.02	60
0.15	1.33	-4.73	0.05	141
0.10	-1.50	-4.56	0.17	88
0.03	-2.30	-4.32	0.24	-2
0.03	-0.01	-4.18	0.14	-11
0.08	1.64	-4.16	0.02	42
0.13	1.54	-4.13	0.03	121
0.09	-1.17	-3.99	0.14	78
0.04	-1.58	-3.78	0.21	30
0.02	-0.84	-3.64	0.15	-22
0.06	1.48	-3.60	0.03	32
0.10	1.29	-3.59	0.02	87
0.08	-0.55	-3.50	0.08	66
0.07	-0.59	-3.37	0.13	60
0.05	-0.49	-3.24	0.13	43
0.04	-0.36	-3.13	0.11	20
0.06	0.67	-3.07	0.06	47
0.07	0.25	-3.01	0.06	54
0.07	0.02	-2.92	0.09	67
0.05	-0.65	-2.81	0.11	41
0.03	-0.57	-2.70	0.11	16
0.04	0.22	-2.63	0.07	22
0.05	0.44	-2.59	0.04	34
0.07	0.54	-2.55	0.04	64
0.05	-0.77	-2.46	0.08	31
0.01	-1.04	-2.37	0.09	-18
0.04	0.76	-2.35	0.03	13
0.06	0.61	-2.35	0.00	32
0.07	0.42	-2.32	0.03	60
0.05	-0.74	-2.25	0.07	31
0.01	-1.27	-2.17	0.08	-31
0.03	0.78	-2.15	0.02	4
0.04	0.36	-2.15	-0.00	11
0.04	-0.02	-2.15	0.00	5
0.05	0.29	-2.15	0.00	22
0.05	0.03	-2.15	0.01	24
0.04	-0.21	-2.13	0.02	16
0.03	-0.61	-2.11	0.02	-17
0.02	-0.05	-2.11	0.00	-22
0.01	-0.43	-2.11	-0.00	-49
0.02	0.23	-2.14	-0.03	-43
0.03	0.42	-2.20	-0.06	-35
0.04	0.24	-2.26	-0.06	-28
0.04	0.07	-2.31	-0.05	-23
0.03	-0.29	-2.35	-0.04	-37
0.03	-0.10	-2.39	-0.04	-43
0.03	0.02	-2.45	-0.06	-49
0.04	0.29	-2.52	-0.07	-41
0.03	-0.12	-2.61	-0.09	-59
0.04	0.35	-2.70	-0.09	-42
0.04	-0.02	-2.79	-0.10	-51
0.05	0.10	-2.88	-0.09	-46
0.04	-0.19	-2.96	-0.08	-58
0.04	-0.02	-3.05	-0.09	-63
0.04	0.05	-3.15	-0.10	-68
0.05	0.42	-3.27	-0.12	-56
0.06	0.07	-3.39	-0.12	-58
0.05	-0.10	-3.50	-0.11	-65
0.05	-0.00	-3.62	-0.12	-72
0.07	0.43	-3.75	-0.13	-57
0.07	0.07	-3.89	-0.14	-62
0.07	0.18	-4.03	-0.14	-57
0.07	-0.21	-4.16	-0.13	-75
0.07	0.20	-4.31	-0.14	-69
0.07	0.05	-4.46	-0.16	-77
0.09	0.38	-4.63	-0.17	-67
0.09	0.14	-4.80	-0.17	-66
0.09	0.09	-4.96	-0.16	-64
0.09	-0.14	-5.12	-0.16	-78
0.10	0.32	-5.28	-0.16	-63
0.10	0.02	-5.44	-0.16	-70
0.10	0.04	-5.60	-0.16	-72
0.10	-0.12	-5.76	-0.17	-89
0.11	0.59	-5.94	-0.18	-62
0.11	-0.00	-6.12	-0.18	-73
0.11	-0.11	-6.28	-0.16	-79
0.11	-0.04	-6.44	-0.16	-85
0.11	0.20	-6.62	-0.18	-84
0.12	0.24	-6.81	-0.19	-84
0.13	0.41	-7.01	-0.19	-67
0.13	-0.12	-7.19	-0.19	-82
0.13	0.01	-7.37	-0.18	-84
0.13	-0.03	-7.57	-0.20	-100
0.14	0.42	-7.78	-0.21	-87
0.15	0.39	-8.01	-0.23	-80
0.16	0.36	-8.23	-0.22	-68
0.16	-0.06	-8.42	-0.19	-69
0.16	-0.08	-8.60	-0.18	-72
0.15	-0.40	-8.77	-0.18	-101
0.14	-0.06	-8.98	-0.21	-121
0.17	0.84	-9.23	-0.25	-93
0.21	1.26	-9.49	-0.26	-38
0.20	-0.34	-9.69	-0.20	-54
0.17	-0.99	-9.82	-0.13	-88
0.15	-0.59	-9.97	-0.15	-123
0.18	1.10	-10.19	-0.23	-87
0.22	1.33	-10.44	-0.24	-33
0.22	-0.19	-10.62	-0.18	-40
0.19	-0.81	-10.74	-0.12	-66
0.17	-0.58	-10.86	-0.12	-98
0.19	0.73	-11.03	-0.17	-71
0.21	0.68	-11.22	-0.19	-51
0.23	0.45	-11.39	-0.17	-29
0.22	-0.41	-11.51	-0.11	-39
0.20	-0.58	-11.59	-0.08	-60
0.19	-0.29	-11.69	-0.11	-83
0.21	0.67	-11.84	-0.15	-60
0.25	1.32	-12.00	-0.16	3
0.24	-0.41	-12.08	-0.09	-10
0.20	-1.03	-12.10	-0.02	-41
0.18	-0.86	-12.13	-0.03	-87
0.20	0.74	-12.24	-0.11	-66
0.24	1.41	-12.39	-0.15	-11
0.26	0.50	-12.48	-0.09	23
0.24	-0.68	-12.49	-0.01	8
0.23	-0.22	-12.49	0.00	7
0.23	-0.08	-12.49	0.00	6
0.23	0.03	-12.49	0.00	8
0.23	0.20	-12.49	0.00	20
0.24	0.29	-12.48	0.00	37
0.25	0.31	-12.46	0.02	59
0.24	-0.53	-12.41	0.05	40
0.23	-0.06	-12.33	0.08	52
0.23	-0.24	-12.26	0.07	39
0.23	0.12	-12.19	0.07	51
0.23	-0.00	-12.12	0.07	53
0.23	0.02	-12.03	0.09	64
0.22	-0.32	-11.92	0.11	54
0.22	0.06	-11.80	0.12	68
0.21	-0.35	-11.67	0.13	55
0.21	0.02	-11.54	0.13	64
0.21	-0.12	-11.42	0.13	59
0.21	0.11	-11.28	0.14	75
0.20	-0.38	-11.14	0.14	57
0.20	0.08	-11.00	0.14	70
0.19	-0.19	-10.85	0.14	62
0.20	0.25	-10.70	0.15	86
0.19	-0.44	-10.54	0.16	67
0.19	-0.10	-10.37	0.17	74
0.18	-0.31	-10.20	0.17	62
0.18	0.13	-10.04	0.16	71
0.18	0.01	-9.89	0.15	73
0.19	0.29	-9.73	0.16	98
0.17	-0.71	-9.55	0.19	67
0.17	0.01	-9.36	0.18	79
0.17	0.09	-9.19	0.17	87
0.17	-0.03	-9.00	0.19	97
0.15	-0.56	-8.79	0.21	76
0.15	-0.19	-8.58	0.21	76
0.15	0.27	-8.39	0.20	98
0.16	0.32	-8.18	0.20	122
0.14	-0.85	-7.94	0.24	90
0.12	-0.48	-7.69	0.25	81
0.12	-0.21	-7.46	0.23	72
0.13	0.36	-7.26	0.19	88
0.13	0.20	-7.07	0.19	101
0.13	-0.15	-6.85	0.22	107
0.12	-0.44	-6.62	0.23	93
0.12	0.13	-6.39	0.23	110
0.10	-0.55	-6.15	0.24	87
0.10	-0.03	-5.92	0.23	95
0.10	-0.14	-5.70	0.22	90
0.10	0.08	-5.47	0.23	104
0.10	-0.13	-5.23	0.24	110
0.09	-0.24	-4.98	0.25	108
0.06	-0.78	-4.71	0.27	76
0.05	-0.33	-4.46	0.25	64
0.07	0.64	-4.26	0.20	92
0.09	0.46	-4.07	0.19	118
0.06	-0.80	-3.82	0.25	90
0.05	-0.47	-3.57	0.26	82
0.04	-0.35	-3.35	0.22	58
0.06	0.70	-3.17	0.18	92
0.07	0.49	-2.99	0.18	121
0.06	-0.50	-2.77	0.22	108
0.03	-0.97	-2.51	0.26	76
0.01	-0.74	-2.27	0.25	44
0.03	0.83	-2.09	0.18	82
0.05	0.69	-1.92	0.16	113
0.03	-0.75	-1.71	0.22	86
0.00	-0.89	-1.47	0.24	57
0.00	-0.04	-1.27	0.20	53
0.01	0.40	-1.12	0.15	64
0.02	0.07	-0.97	0.15	67
0.02	0.12	-0.82	0.15	77
0.01	-0.38	-0.65	0.16	63
-0.01	-0.64	-0.49	0.17	33
0.00	0.39	-0.36	0.13	52
0.01	0.17	-0.26	0.10	49
0.01	0.22	-0.16	0.10	64
0.01	-0.19	-0.05	0.11	56
-0.00	-0.35	0.06	0.12	43
-0.00	0.05	0.16	0.10	45
-0.00	-0.01	0.24	0.08	40
-0.00	0.04	0.32	0.08	43
-0.01	-0.26	0.39	0.07	26
-0.01	-0.06	0.45	0.06	20
-0.01	0.10	0.49	0.04	19
0.00	0.28	0.51	0.02	28
0.00	0.10	0.53	0.02	32
-0.00	-0.12	0.57	0.04	32
-0.02	-0.61	0.61	0.04	0
-0.03	-0.25	0.63	0.02	-20
-0.02	0.04	0.62	-0.00	-23
-0.03	-0.24	0.62	-0.00	-38
-0.03	0.07	0.60	-0.02	-39
-0.03	0.13	0.56	-0.04	-41
-0.02	0.11	0.51	-0.05	-41
-0.03	-0.10	0.46	-0.05	-52
-0.02	0.13	0.39	-0.06	-50
-0.02	0.00	0.32	-0.08	-59
-0.01	0.31	0.23	-0.09	-48
-0.01	-0.09	0.14	-0.09	-60
-0.01	0.19	0.04	-0.10	-55
-0.01	0.02	-0.06	-0.10	-60
-0.00	0.15	-0.17	-0.11	-55
-0.00	-0.03	-0.28	-0.11	-65
0.01	0.31	-0.41	-0.13	-56
0.00	-0.05	-0.54	-0.13	-67
0.01	0.16	-0.67	-0.13	-63
0.00	-0.24	-0.81	-0.14	-87
0.02	0.50	-0.97	-0.16	-67
0.02	0.14	-1.15	-0.17	-74
0.02	0.10	-1.32	-0.17	-75
0.02	-0.02	-1.49	-0.18	-85
0.03	0.22	-1.68	-0.18	-80
0.03	-0.07	-1.87	-0.19	-95
0.04	0.35	-2.08	-0.21	-88
0.04	0.08	-2.30	-0.22	-96
0.05	0.37	-2.52	-0.22	-84
0.05	-0.07	-2.75	-0.23	-100
0.06	0.32	-2.96	-0.22	-83
0.05	-0.33	-3.17	-0.21	-110
0.05	0.21	-3.39	-0.22	-104
0.06	0.25	-3.64	-0.25	-110
0.08	0.73	-3.89	-0.26	-81
0.09	0.23	-4.14	-0.24	-76
0.08	-0.53	-4.36	-0.22	-109
0.07	-0.01	-4.58	-0.22	-112
0.08	0.17	-4.84	-0.26	-124
0.09	0.41	-5.14	-0.29	-124
0.12	1.08	-5.44	-0.31	-78
0.15	0.93	-5.72	-0.27	-27
0.11	-1.54	-5.90	-0.18	-100
0.07	-1.04	-6.06	-0.16	-144
0.10	0.92	-6.30	-0.24	-112
0.12	0.61	-6.58	-0.28	-112
0.15	0.99	-6.88	-0.29	-72
0.17	0.53	-7.13	-0.25	-42
0.13	-1.09	-7.31	-0.18	-92
0.09	-1.42	-7.49	-0.18	-172
0.13	1.35	-7.77	-0.28	-123
0.17	1.49	-8.10	-0.34	-78
0.21	1.22	-8.39	-0.29	-12
0.18	-1.03	-8.57	-0.18	-48
0.13	-1.69	-8.66	-0.10	-110
0.10	-0.87	-8.82	-0.16	-172
0.15	1.62	-9.11	-0.29	-125
0.21	1.81	-9.44	-0.34	-62
0.25	1.34	-9.72	-0.27	14
0.19	-1.72	-9.84	-0.12	-48
0.13	-2.16	-9.90	-0.06	-137
0.13	-0.04	-10.06	-0.16	-160
0.20	2.31	-10.36	-0.29	-80
0.26	2.27	-10.67	-0.31	15
0.25	-0.44	-10.81	-0.15	22
0.18	-2.22	-10.82	-0.01	-51
0.14	-1.52	-10.86	-0.04	-128
0.16	0.77	-11.01	-0.15	-117
0.23	2.18	-11.26	-0.25	-38
0.27	1.62	-11.47	-0.21	42
0.23	-1.50	-11.53	-0.05	-5
0.19	-1.24	-11.52	0.00	-40
0.17	-0.59	-11.55	-0.03	-74
0.19	0.66	-11.65	-0.10	-58
0.24	1.61	-11.78	-0.13	15
0.23	-0.25	-11.84	-0.06	7
0.22	-0.29	-11.84	0.00	16
0.22	-0.17	-11.84	0.00	11
0.22	-0.08	-11.84	0.00	8
0.22	0.10	-11.84	0.00	15
0.23	0.24	-11.84	0.00	29
0.24	0.35	-11.84	0.01	50
0.23	-0.07	-11.80	0.03	53
0.23	-0.23	-11.73	0.07	59
0.21	-0.73	-11.63	0.10	29
0.20	-0.09	-11.55	0.09	30
0.22	0.44	-11.49	0.06	50
0.23	0.32	-11.42	0.07	69
0.21	-0.42	-11.32	0.10	57
0.21	-0.05	-11.19	0.12	71
0.19	-0.58	-11.06	0.14	47
0.19	-0.01	-10.93	0.13	51
0.20	0.24	-10.81	0.11	64
0.21	0.21	-10.69	0.12	81
0.19	-0.44	-10.54	0.15	67
0.19	0.01	-10.38	0.16	82
0.18	-0.56	-10.21	0.17	56
0.18	0.22	-10.04	0.17	78
0.18	-0.09	-9.89	0.16	72
0.18	0.07	-9.72	0.17	85
0.17	-0.24	-9.54	0.18	81
0.18	0.21	-9.36	0.18	102
0.17	-0.44	-9.16	0.20	86
0.16	-0.02	-8.95	0.22	104
0.15	-0.63	-8.71	0.23	79
0.14	-0.09	-8.49	0.22	83
0.15	0.11	-8.29	0.20	90
0.16	0.35	-8.07	0.22	122
0.14	-0.58	-7.82	0.24	100
0.14	-0.11	-7.57	0.26	113
0.13	-0.29	-7.30	0.27	111
0.12	-0.12	-7.03	0.26	113
0.10	-0.75	-6.76	0.27	77
0.10	-0.04	-6.52	0.24	78
0.11	0.52	-6.31	0.21	103
0.14	0.84	-6.11	0.21	154
0.11	-1.05	-5.84	0.26	112
0.09	-0.66	-5.53	0.31	110
0.07	-0.73	-5.24	0.29	74
0.06	-0.08	-5.00	0.25	68
0.09	0.71	-4.78	0.21	103
0.12	1.29	-4.57	0.21	181
0.09	-1.26	-4.28	0.30	133
0.04	-1.62	-3.92	0.35	80
0.02	-0.46	-3.61	0.32	66
0.04	0.54	-3.37	0.23	78
0.06	0.77	-3.18	0.19	108
0.08	0.69	-2.96	0.22	157
0.04	-1.34	-2.68	0.28	100
0.01	-1.10	-2.38	0.30	63
0.01	-0.09	-2.14	0.25	57
0.03	0.91	-1.95	0.19	96
0.05	0.60	-1.76	0.19	128
0.03	-0.81	-1.51	0.25	101
-0.02	-1.54	-1.23	0.28	37
-0.01	0.41	-1.02	0.21	58
0.01	0.49	-0.88	0.15	64
0.02	0.45	-0.73	0.15	89
0.03	0.10	-0.56	0.17	103
0.00	-0.85	-0.34	0.21	73
-0.03	-1.12	-0.13	0.21	20
-0.02	0.46	0.01	0.14	37
0.01	1.03	0.08	0.07	70
0.02	0.18	0.18	0.09	78
-0.01	-0.88	0.32	0.14	44
-0.02	-0.36	0.44	0.13	30
-0.02	0.05	0.52	0.08	22
-0.00	0.56	0.57	0.05	43
-0.00	-0.04	0.62	0.04	33
-0.01	-0.09	0.68	0.06	36
-0.02	-0.39	0.73	0.05	12
-0.01	0.17	0.77	0.04	21
-0.01	0.12	0.79	0.02	18
-0.01	-0.07	0.80	0.01	11
-0.01	-0.09	0.81	0.01	4
-0.02	-0.11	0.81	0.00	-5
-0.02	-0.27	0.81	0.00	-20
-0.04	-0.41	0.81	-0.00	-44
-0.04	0.05	0.78	-0.03	-48
-0.03	0.12	0.72	-0.05	-54
-0.02	0.39	0.65	-0.07	-41
-0.03	-0.18	0.58	-0.07	-60
-0.02	0.22	0.50	-0.08	-50
-0.03	-0.25	0.41	-0.09	-74
-0.01	0.42	0.30	-0.11	-59
-0.02	-0.11	0.17	-0.12	-79
-0.01	0.31	0.04	-0.14	-69
-0.00	0.14	-0.11	-0.15	-73
0.00	0.26	-0.27	-0.16	-70
0.00	0.02	-0.43	-0.16	-76
0.01	0.25	-0.60	-0.17	-68
0.01	-0.13	-0.77	-0.17	-86
0.01	0.17	-0.95	-0.18	-83
0.01	-0.01	-1.14	-0.19	-98
0.03	0.44	-1.36	-0.22	-88
0.03	0.18	-1.58	-0.22	-90
0.04	0.25	-1.80	-0.22	-84
0.03	-0.13	-2.01	-0.22	-100
0.04	0.31	-2.24	-0.23	-93
0.04	-0.00	-2.47	-0.23	-102
0.05	0.09	-2.71	-0.23	-106
0.04	-0.08	-2.96	-0.25	-125
0.06	0.66	-3.22	-0.26	-99
0.08	0.40	-3.49	-0.27	-92
0.08	0.23	-3.75	-0.26	-87
0.07	-0.25	-3.99	-0.24	-106
0.08	0.05	-4.23	-0.24	-105
0.07	-0.11	-4.49	-0.26	-127
0.09	0.70	-4.78	-0.29	-106
0.11	0.47	-5.07	-0.29	-93
0.12	0.27	-5.34	-0.27	-84
0.09	-0.84	-5.59	-0.25	-136
0.10	0.28	-5.85	-0.26	-123
0.12	0.66	-6.14	-0.30	-107
0.13	0.54	-6.43	-0.29	-89
0.15	0.40	-6.71	-0.27	-71
0.13	-0.45	-6.93	-0.23	-92
0.11	-0.70	-7.15	-0.21	-131
0.14	1.03	-7.41	-0.27	-90
0.17	0.83	-7.69	-0.27	-60
0.16	-0.40	-7.91	-0.22	-81
0.14	-0.63	-8.11	-0.20	-113
0.15	0.47	-8.34	-0.23	-94
0.17	0.72	-8.59	-0.25	-71
0.18	0.37	-8.81	-0.22	-54
0.16	-0.83	-9.00	-0.18	-98
0.15	-0.11	-9.18	-0.18	-100
0.17	0.51	-9.39	-0.21	-86
0.19	0.85	-9.62	-0.23	-55
0.20	0.19	-9.81	-0.19	-43
0.18	-0.80	-9.96	-0.14	-78
0.16	-0.46	-10.11	-0.15	-104
0.18	0.57	-10.31	-0.21	-94
0.22	1.33	-10.55	-0.23	-37
0.24	0.60	-10.73	-0.19	-1
0.22	-0.69	-10.82	-0.09	-12
0.18	-1.32	-10.84	-0.02	-57
0.14	-1.13	-10.89	-0.05	-125
0.20	1.86	-11.06	-0.17	-51
0.27	2.45	-11.25	-0.19	61
0.23	-1.22	-11.29	-0.04	19
0.21	-0.91	-11.26	0.03	5
0.19	-0.50	-11.26	0.01	-19
0.19	-0.17	-11.26	-0.00	-29
0.19	0.16	-11.28	-0.02	-25
0.20	0.40	-11.32	-0.04	-9
0.21	0.16	-11.33	-0.02	0
0.21	0.05	-11.34	-0.00	8
0.22	0.25	-11.34	0.00	24
0.23	0.39	-11.33	0.00	47
0.22	-0.15	-11.30	0.03	45
0.22	-0.14	-11.24	0.06	52
0.21	-0.35	-11.16	0.08	45
0.21	-0.02	-11.07	0.09	51
0.20	-0.28	-10.98	0.09	39
0.20	0.21	-10.90	0.09	56
0.20	-0.08	-10.81	0.09	54
0.21	0.25	-10.70	0.10	77
0.20	-0.31	-10.57	0.13	71
0.19	-0.18	-10.42	0.16	79
0.17	-0.61	-10.25	0.16	52
0.17	0.01	-10.10	0.15	57
0.19	0.59	-9.97	0.14	92
0.18	-0.27	-9.81	0.16	81
0.17	-0.40	-9.63	0.18	75
0.17	0.03	-9.44	0.19	90
0.16	-0.28	-9.26	0.18	76
0.17	0.32	-9.07	0.18	103
0.16	-0.40	-8.87	0.20	88
0.16	0.08	-8.65	0.22	113
0.15	-0.47	-8.42	0.23	96
0.14	-0.14	-8.17	0.25	105
0.13	-0.40	-7.92	0.25	93
0.14	0.09	-7.68	0.24	106
0.12	-0.36	-7.43	0.24	89
0.13	0.30	-7.19	0.24	119
0.12	-0.36	-6.95	0.25	102
0.12	0.07	-6.69	0.25	120
0.11	-0.38	-6.43	0.26	110
0.12	0.22	-6.15	0.28	141
0.10	-0.51	-5.86	0.29	120
0.10	-0.20	-5.56	0.30	126
0.09	-0.30	-5.25	0.32	127
0.08	-0.15	-4.94	0.31	128
0.07	-0.52	-4.63	0.32	110
0.07	0.09	-4.31	0.32	131
0.07	0.05	-3.99	0.32	144
0.06	-0.40	-3.65	0.34	135
0.05	-0.33	-3.31	0.35	134
0.05	-0.00	-2.95	0.35	152
0.03	-0.57	-2.60	0.35	125
0.03	-0.22	-2.26	0.34	126
0.02	-0.32	-1.92	0.34	119
0.02	0.26	-1.60	0.32	139
0.02	0.02	-1.27	0.33	151
0.02	-0.30	-0.91	0.35	153
-0.02	-1.09	-0.52	0.39	116
-0.03	-0.31	-0.16	0.36	107
-0.03	-0.24	0.15	0.32	89
-0.01	0.85	0.43	0.28	135
-0.00	0.15	0.70	0.27	140
-0.01	-0.27	1.02	0.31	146
-0.05	-1.19	1.37	0.35	104
-0.07	-0.69	1.70	0.33	75
-0.06	0.09	1.97	0.27	72
-0.04	0.96	2.19	0.22	115
-0.03	0.32	2.43	0.24	139
-0.04	-0.60	2.72	0.29	128
-0.09	-1.60	3.04	0.32	58
-0.10	-0.24	3.31	0.27	50
-0.07	0.97	3.48	0.17	78
-0.04	1.01	3.63	0.15	122
-0.06	-0.73	3.84	0.21	97
-0.09	-0.87	4.09	0.25	72
-0.11	-0.60	4.31	0.22	42
-0.10	0.18	4.47	0.17	43
-0.08	0.56	4.59	0.12	61
-0.07	0.55	4.71	0.12	90
-0.08	-0.43	4.88	0.16	79
-0.11	-0.99	5.07	0.20	43
-0.13	-0.75	5.23	0.16	-1
-0.11	0.58	5.31	0.08	11
-0.08	1.05	5.33	0.02	44
-0.05	1.05	5.37	0.04	106
-0.09	-1.23	5.50	0.13	59
-0.15	-2.09	5.67	0.17	-32
-0.13	0.54	5.73	0.06	-19
-0.12	0.43	5.73	-0.00	-24
-0.11	0.36	5.73	-0.00	-9
-0.11	0.09	5.73	0.00	-7
-0.11	-0.00	5.73	0.00	-8
-0.11	-0.16	5.73	0.00	-18
-0.12	-0.33	5.73	0.00	-37
-0.13	-0.16	5.71	-0.02	-49
-0.12	0.33	5.66	-0.05	-42
-0.11	0.20	5.59	-0.07	-45
-0.10	0.22	5.52	-0.08	-39
-0.11	-0.10	5.44	-0.08	-50
-0.10	0.07	5.36	-0.08	-48
-0.11	-0.08	5.27	-0.09	-60
-0.11	0.01	5.16	-0.11	-71
-0.10	0.19	5.04	-0.13	-72
-0.09	0.34	4.89	-0.15	-66
-0.08	0.21	4.73	-0.16	-65
-0.08	0.10	4.58	-0.15	-65
-0.09	-0.19	4.43	-0.15	-79
-0.08	0.11	4.26	-0.17	-84
-0.08	0.09	4.09	-0.18	-89
-0.07	0.26	3.90	-0.19	-84
-0.08	-0.18	3.71	-0.19	-104
-0.07	0.31	3.50	-0.21	-97
-0.06	0.28	3.28	-0.22	-96
-0.05	0.35	3.05	-0.23	-87
-0.05	-0.05	2.82	-0.23	-103
-0.05	0.17	2.59	-0.23	-101
-0.04	0.15	2.34	-0.25	-107
-0.03	0.46	2.07	-0.26	-95
-0.02	0.17	1.82	-0.26	-93
-0.02	-0.02	1.57	-0.25	-100
-0.02	0.00	1.33	-0.24	-106
-0.01	0.29	1.07	-0.26	-104
-0.01	0.05	0.80	-0.26	-111
-0.01	0.15	0.54	-0.26	-111
-0.01	-0.00	0.26	-0.28	-129
0.01	0.65	-0.03	-0.29	-102
0.03	0.54	-0.32	-0.29	-86
0.02	-0.12	-0.59	-0.27	-98
0.00	-0.77	-0.84	-0.26	-147
0.01	0.44	-1.13	-0.29	-133
0.04	0.96	-1.46	-0.33	-105
0.08	1.31	-1.79	-0.33	-45
0.06	-0.81	-2.03	-0.24	-81
0.03	-1.03	-2.21	-0.19	-118
0.02	-0.14	-2.44	-0.23	-138
0.05	0.89	-2.72	-0.28	-110
0.07	0.63	-3.01	-0.30	-98
0.09	0.71	-3.29	-0.27	-61
0.07	-0.50	-3.52	-0.24	-92
0.06	-0.63	-3.73	-0.21	-119
0.07	0.41	-3.97	-0.24	-108
0.10	0.95	-4.25	-0.28	-78
0.11	0.39	-4.51	-0.25	-62
0.10	-0.19	-4.71	-0.20	-64
0.08	-0.72	-4.89	-0.18	-100
0.07	-0.32	-5.08	-0.19	-125
0.10	0.92	-5.34	-0.25	-95
0.14	1.39	-5.60	-0.26	-34
0.14	0.08	-5.80	-0.20	-22
0.10	-1.23	-5.89	-0.09	-60
0.08	-0.90	-5.97	-0.08	-98
0.09	0.55	-6.13	-0.15	-86
0.13	1.19	-6.32	-0.19	-42
0.17	1.21	-6.49	-0.17	24
0.12	-1.42	-6.54	-0.05	-32
0.09	-1.22	-6.56	-0.02	-79
0.11	0.65	-6.65	-0.09	-53
0.14	1.20	-6.78	-0.13	-5
0.14	-0.08	-6.86	-0.08	-8
0.12	-0.50	-6.88	-0.02	-14
0.11	-0.57	-6.88	-0.00	-36
0.10	-0.32	-6.90	-0.03	-60
0.13	1.00	-6.98	-0.07	-17
0.17	1.36	-7.05	-0.07	54
0.15	-0.62	-7.04	0.01	35
0.13	-0.67	-6.99	0.05	19
0.13	-0.09	-6.95	0.03	15
0.13	0.22	-6.94	0.01	22
0.15	0.53	-6.94	0.00	48
0.14	-0.16	-6.91	0.03	43
0.14	-0.09	-6.85	0.06	52
0.13	-0.31	-6.78	0.08	45
0.13	0.02	-6.70	0.08	54
0.13	-0.15	-6.61	0.09	51
0.13	0.04	-6.52	0.09	59
0.12	-0.37	-6.41	0.11	45
0.12	0.17	-6.31	0.10	61
0.12	-0.00	-6.21	0.10	62
0.13	0.16	-6.09	0.12	83
0.11	-0.60	-5.95	0.14	56
0.11	0.23	-5.82	0.14	80
0.11	-0.27	-5.68	0.14	67
0.11	0.26	-5.53	0.15	94
0.10	-0.48	-5.36	0.17	75
0.10	-0.13	-5.17	0.18	83
0.08	-0.54	-4.98	0.19	61
0.08	0.02	-4.81	0.17	66
0.09	0.23	-4.65	0.16	78
0.11	0.80	-4.47	0.18	137
0.07	-1.18	-4.25	0.23	84
0.05	-0.92	-4.00	0.25	57
0.06	0.35	-3.79	0.20	78
0.08	0.75	-3.61	0.19	118
0.06	-0.63	-3.39	0.22	90
0.05	-0.28	-3.15	0.24	96
0.03	-0.59	-2.91	0.24	70
0.04	0.17	-2.71	0.20	77
0.05	0.31	-2.53	0.18	89
0.07	0.67	-2.34	0.19	139
0.04	-1.05	-2.10	0.24	93
0.01	-0.84	-1.84	0.27	72
-0.00	-0.46	-1.61	0.23	46
0.03	0.97	-1.43	0.18	95
0.06	0.91	-1.25	0.17	144
0.03	-0.73	-1.00	0.25	128
-0.01	-1.38	-0.69	0.32	86
-0.04	-1.22	-0.41	0.28	23
-0.02	0.88	-0.22	0.19	57
0.03	1.48	-0.10	0.13	118
0.01	-0.56	0.09	0.19	96
0.00	-0.20	0.32	0.23	112
-0.03	-1.06	0.56	0.24	61
-0.04	-0.32	0.77	0.21	50
-0.02	0.62	0.92	0.15	71
-0.00	0.64	1.06	0.14	102
-0.02	-0.75	1.25	0.19	75
-0.04	-0.51	1.46	0.20	62
-0.05	-0.25	1.63	0.18	48
-0.03	0.50	1.77	0.14	72
-0.03	0.00	1.92	0.14	71
-0.03	0.17	2.08	0.16	91
-0.05	-0.81	2.26	0.18	56
-0.07	-0.79	2.44	0.18	20
-0.04	0.97	2.55	0.11	65
-0.04	0.11	2.66	0.10	60
-0.05	-0.30	2.79	0.13	55
-0.05	-0.04	2.92	0.13	59
-0.06	-0.29	3.05	0.13	46
-0.06	0.01	3.17	0.12	50
-0.06	-0.13	3.28	0.11	41
-0.06	-0.04	3.37	0.09	34
-0.06	0.18	3.44	0.06	37
-0.05	0.21	3.49	0.06	46
-0.06	-0.14	3.55	0.06	36
-0.06	-0.07	3.61	0.06	35
-0.06	-0.06	3.64	0.04	25
-0.06	0.11	3.67	0.03	28
-0.06	0.02	3.69	0.02	27
-0.06	-0.11	3.71	0.02	19
-0.06	-0.13	3.72	0.02	11
-0.07	-0.13	3.73	0.01	2
-0.07	-0.19	3.73	0.00	-11
-0.08	-0.34	3.73	0.00	-30
-0.09	-0.27	3.72	-0.01	-49
-0.08	0.34	3.68	-0.04	-39
-0.08	0.09	3.62	-0.06	-44
-0.08	-0.13	3.56	-0.06	-57
-0.07	0.21	3.49	-0.07	-51
-0.07	0.21	3.40	-0.09	-50
-0.06	0.14	3.30	-0.10	-51
-0.06	0.03	3.20	-0.10	-54
-0.06	0.15	3.09	-0.11	-52
-0.06	-0.15	2.97	-0.11	-68
-0.05	0.39	2.85	-0.12	-51
-0.05	0.07	2.72	-0.13	-56
-0.05	-0.12	2.60	-0.12	-65
-0.05	-0.06	2.47	-0.13	-76
-0.04	0.35	2.32	-0.15	-67
-0.04	0.20	2.16	-0.16	-67
-0.03	0.26	2.00	-0.16	-59
-0.03	-0.02	1.85	-0.15	-63
-0.03	-0.06	1.70	-0.14	-68
-0.03	-0.02	1.55	-0.15	-75
-0.02	0.32	1.39	-0.17	-68
-0.02	0.04	1.22	-0.16	-73
-0.01	0.36	1.06	-0.16	-56
-0.02	-0.19	0.91	-0.15	-71
-0.02	-0.16	0.77	-0.14	-79
-0.02	0.05	0.61	-0.16	-84
-0.01	0.43	0.42	-0.19	-77
0.00	0.28	0.24	-0.19	-70
0.01	0.32	0.06	-0.18	-57
0.01	-0.04	-0.10	-0.16	-59
-0.01	-0.67	-0.25	-0.15	-99
-0.01	0.10	-0.42	-0.18	-103
0.02	1.00	-0.64	-0.22	-67
0.03	0.24	-0.86	-0.22	-69
0.03	0.12	-1.04	-0.18	-57
0.02	-0.27	-1.20	-0.16	-70
0.01	-0.40	-1.36	-0.16	-95
0.02	0.23	-1.54	-0.19	-93
0.04	0.65	-1.76	-0.21	-73
0.05	0.51	-1.97	-0.21	-53
0.05	-0.19	-2.14	-0.17	-60
0.03	-0.55	-2.27	-0.13	-81
0.03	-0.05	-2.41	-0.14	-86
0.03	0.07	-2.59	-0.18	-101
0.06	0.88	-2.80	-0.20	-65
0.09	0.94	-3.00	-0.20	-20
0.06	-0.85	-3.13	-0.13	-61
0.04	-0.84	-3.24	-0.11	-97
0.05	0.41	-3.40	-0.16	-87
0.08	1.21	-3.60	-0.20	-40
0.10	0.37	-3.78	-0.18	-25
0.08	-0.65	-3.88	-0.10	-44
0.06	-0.46	-3.96	-0.08	-57
0.06	-0.22	-4.07	-0.11	-77
0.08	0.76	-4.21	-0.14	-47
0.10	0.78	-4.35	-0.14	-10
0.09	-0.37	-4.43	-0.08	-21
0.06	-0.90	-4.47	-0.04	-57
0.05	-0.48	-4.54	-0.07	-88
0.09	1.26	-4.67	-0.13	-35
0.12	1.24	-4.81	-0.14	18
0.09	-1.00	-4.85	-0.04	-19
0.07	-0.64	-4.85	-0.01	-33
0.07	-0.22	-4.88	-0.03	-47
0.07	0.22	-4.94	-0.06	-47
0.10	0.76	-5.02	-0.08	-12
0.12	0.70	-5.08	-0.05	29
0.10	-0.45	-5.08	0.00	16
0.09	-0.36	-5.07	0.01	4
0.09	0.04	-5.07	0.00	7
0.10	0.04	-5.07	0.00	9
0.10	0.22	-5.07	0.00	22
0.11	0.31	-5.06	0.01	41
0.11	0.04	-5.04	0.03	49
0.10	-0.46	-4.98	0.06	36
0.09	-0.13	-4.92	0.06	37
0.09	-0.12	-4.86	0.06	31
0.10	0.22	-4.81	0.05	45
0.10	-0.04	-4.75	0.06	44
0.10	0.05	-4.68	0.07	55
0.09	-0.33	-4.59	0.09	45
0.09	0.15	-4.50	0.10	63
0.08	-0.25	-4.39	0.11	54
0.08	-0.06	-4.27	0.12	61
0.08	-0.25	-4.15	0.12	53
0.08	0.19	-4.03	0.12	71
0.07	-0.20	-3.90	0.13	64
0.07	-0.01	-3.75	0.15	77
0.06	-0.46	-3.60	0.15	57
0.06	-0.03	-3.45	0.15	62
0.07	0.24	-3.30	0.14	80
0.07	0.14	-3.15	0.15	94
0.05	-0.74	-2.96	0.19	67
0.04	-0.30	-2.77	0.19	63
0.04	0.03	-2.61	0.16	63
0.06	0.60	-2.47	0.14	94
0.05	-0.13	-2.31	0.16	91
0.05	-0.07	-2.12	0.19	108
0.02	-0.95	-1.90	0.21	65
0.02	-0.12	-1.70	0.20	70
0.03	0.31	-1.53	0.18	85
0.04	0.24	-1.34	0.19	107
0.02	-0.46	-1.12	0.21	93
0.02	-0.17	-0.89	0.23	102
0.00	-0.47	-0.65	0.24	86
-0.00	-0.20	-0.42	0.23	82
-0.01	-0.11	-0.21	0.21	76
0.00	0.37	-0.01	0.20	102
-0.01	-0.35	0.20	0.21	86
-0.01	-0.23	0.42	0.22	86
-0.02	-0.22	0.64	0.21	80
-0.01	0.22	0.84	0.21	99
-0.02	-0.11	1.05	0.20	94
-0.02	-0.19	1.26	0.22	96
-0.04	-0.55	1.49	0.23	77
-0.04	-0.06	1.71	0.21	79
-0.04	0.05	1.90	0.19	81
-0.03	0.39	2.10	0.20	112
-0.04	-0.47	2.33	0.22	96
-0.05	-0.42	2.57	0.25	91
-0.07	-0.61	2.81	0.23	61
-0.08	-0.33	3.01	0.21	43
-0.06	0.57	3.16	0.15	63
-0.04	0.87	3.30	0.13	106
-0.07	-1.09	3.48	0.19	57
-0.08	-0.18	3.67	0.19	64
-0.07	0.28	3.82	0.15	73
-0.06	0.32	3.97	0.15	94
-0.08	-0.73	4.15	0.18	61
-0.09	-0.36	4.31	0.16	46
-0.08	0.22	4.44	0.12	52
-0.07	0.50	4.55	0.11	76
-0.08	-0.29	4.68	0.13	65
-0.09	-0.35	4.82	0.15	58
-0.10	-0.53	4.97	0.15	35
-0.10	0.02	5.09	0.11	31
-0.10	0.17	5.17	0.08	30
-0.08	0.53	5.23	0.06	55
-0.07	0.43	5.32	0.09	87
-0.10	-1.13	5.45	0.13	36
-0.14	-1.18	5.59	0.14	-17
-0.11	0.79	5.63	0.04	7
-0.09	0.95	5.63	0.00	39
-0.08	0.27	5.66	0.03	55
-0.10	-0.74	5.73	0.08	29
-0.12	-0.55	5.81	0.08	7
-0.13	-0.36	5.85	0.04	-24
-0.11	0.43	5.84	-0.00	-10
-0.10	0.37	5.84	-0.00	7
-0.10	-0.03	5.84	0.00	2
-0.10	-0.06	5.84	0.00	-1
-0.11	-0.10	5.84	0.00	-6
-0.12	-0.37	5.84	0.00	-28
-0.13	-0.39	5.83	-0.01	-51
-0.12	0.42	5.79	-0.05	-39
-0.11	0.21	5.72	-0.07	-40
-0.10	0.27	5.66	-0.06	-27
-0.10	-0.02	5.60	-0.05	-30
-0.11	-0.31	5.56	-0.04	-46
-0.12	-0.20	5.50	-0.06	-61
-0.10	0.52	5.41	-0.09	-43
-0.09	0.33	5.31	-0.10	-36
-0.09	-0.05	5.23	-0.08	-39
-0.10	-0.22	5.16	-0.07	-49
-0.11	-0.26	5.08	-0.08	-69
-0.09	0.51	4.96	-0.11	-51
-0.09	0.21	4.84	-0.12	-52
-0.09	-0.10	4.73	-0.11	-57
-0.09	-0.03	4.62	-0.11	-61
-0.09	-0.10	4.52	-0.11	-70
-0.09	0.16	4.40	-0.12	-68
-0.08	0.19	4.26	-0.14	-69
-0.07	0.30	4.12	-0.13	-56
-0.08	-0.22	3.99	-0.13	-74
-0.08	0.10	3.86	-0.13	-72
-0.07	0.21	3.70	-0.16	-75
-0.05	0.59	3.53	-0.17	-50
-0.04	0.31	3.37	-0.15	-36
-0.06	-0.68	3.26	-0.11	-69
-0.08	-0.69	3.14	-0.12	-109
-0.06	0.81	2.96	-0.18	-81
-0.03	0.88	2.75	-0.21	-56
-0.03	0.15	2.56	-0.19	-54
-0.04	-0.22	2.41	-0.15	-56
-0.05	-0.50	2.28	-0.13	-81
-0.06	-0.37	2.12	-0.16	-114
-0.04	0.85	1.91	-0.21	-85
-0.00	1.05	1.68	-0.23	-45
0.01	0.53	1.49	-0.19	-14
-0.04	-1.71	1.39	-0.10	-91
-0.06	-0.73	1.29	-0.10	-121
-0.03	1.18	1.09	-0.20	-82
0.02	1.55	0.86	-0.23	-22
0.03	0.31	0.70	-0.16	4
-0.01	-1.35	0.65	-0.05	-40
-0.06	-1.72	0.61	-0.04	-124
-0.03	1.11	0.48	-0.14	-81
0.02	1.57	0.27	-0.21	-30
0.02	0.17	0.11	-0.16	-26
0.01	-0.39	0.02	-0.09	-26
-0.01	-0.83	-0.04	-0.06	-61
-0.03	-0.48	-0.12	-0.08	-91
0.02	1.43	-0.27	-0.15	-31
0.04	0.77	-0.41	-0.14	0
0.02	-0.77	-0.47	-0.06	-24
-0.02	-1.06	-0.49	-0.02	-66
-0.03	-0.48	-0.56	-0.07	-105
0.01	1.43	-0.72	-0.16	-51
0.07	2.07	-0.90	-0.18	44
0.04	-1.21	-0.95	-0.05	0
0.01	-0.93	-0.94	0.01	-22
-0.00	-0.46	-0.95	-0.01	-43
-0.01	-0.15	-0.99	-0.04	-63
0.02	0.98	-1.08	-0.09	-22
0.05	1.02	-1.16	-0.08	27
0.04	-0.29	-1.17	-0.01	28
0.03	-0.47	-1.15	0.02	15
0.01	-0.55	-1.14	0.01	-13
0.01	-0.19	-1.14	0.00	-24
0.00	-0.13	-1.15	-0.01	-36
0.02	0.63	-1.18	-0.03	-6
0.03	0.44	-1.21	-0.02	18
0.03	-0.23	-1.20	0.00	8
0.03	-0.07	-1.20	0.00	7
0.02	-0.07	-1.20	0.00	2
0.02	0.04	-1.20	0.00	6
0.03	0.10	-1.20	0.00	11
0.03	0.13	-1.20	0.00	18
0.03	0.10	-1.20	0.00	24
0.04	0.20	-1.19	0.01	36
0.04	0.02	-1.17	0.02	42
0.03	-0.50	-1.13	0.04	22
0.02	-0.22	-1.09	0.04	15
0.02	0.18	-1.07	0.02	20
0.04	0.40	-1.06	0.01	40
0.03	-0.26	-1.03	0.03	28
0.02	-0.20	-0.98	0.04	25
0.03	0.11	-0.95	0.04	32
0.03	0.01	-0.91	0.03	32
0.03	0.18	-0.87	0.04	49
0.02	-0.28	-0.81	0.06	36
0.02	-0.00	-0.74	0.07	46
0.02	-0.16	-0.67	0.07	42
0.02	0.04	-0.59	0.08	50
0.01	-0.35	-0.51	0.08	33
0.01	-0.03	-0.43	0.08	35
0.01	0.17	-0.36	0.07	43
0.02	0.32	-0.29	0.07	64
0.01	-0.49	-0.20	0.10	44
0.01	0.02	-0.09	0.11	59
-0.01	-0.55	0.02	0.11	29
-0.01	0.07	0.11	0.09	35
0.01	0.46	0.18	0.07	56
0.02	0.56	0.27	0.09	94
-0.01	-1.03	0.41	0.14	52
-0.03	-0.73	0.57	0.16	29
-0.02	0.22	0.68	0.11	37
0.00	0.85	0.76	0.08	75
0.00	-0.10	0.86	0.11	74
-0.00	-0.08	1.01	0.15	92
-0.03	-0.95	1.19	0.17	51
-0.04	-0.31	1.34	0.16	40
-0.03	0.22	1.45	0.11	40
-0.00	1.08	1.53	0.08	93
0.01	0.30	1.65	0.12	119
-0.02	-1.04	1.84	0.20	91
-0.06	-1.35	2.08	0.24	44
-0.09	-0.88	2.26	0.18	-11
-0.05	1.35	2.34	0.07	39
0.00	1.68	2.37	0.03	112
-0.02	-0.71	2.49	0.12	88
-0.05	-1.00	2.69	0.20	70
-0.07	-0.83	2.88	0.19	35
-0.07	-0.01	3.02	0.14	30
-0.06	0.52	3.11	0.09	42
-0.03	1.00	3.18	0.07	93
-0.05	-0.78	3.32	0.13	62
-0.07	-0.72	3.48	0.17	43
-0.08	-0.19	3.62	0.13	32
-0.06	0.66	3.71	0.10	63
-0.06	-0.01	3.81	0.10	60
-0.07	-0.20	3.94	0.13	61
-0.08	-0.48	4.07	0.13	40
-0.08	-0.16	4.18	0.11	31
-0.06	0.67	4.25	0.07	59
-0.05	0.44	4.32	0.07	81
-0.07	-0.75	4.45	0.13	56
-0.09	-0.48	4.58	0.13	39
-0.09	-0.10	4.67	0.09	28
-0.07	0.61	4.73	0.06	55
-0.07	0.13	4.80	0.07	60
-0.07	-0.11	4.89	0.09	63
-0.09	-0.77	5.00	0.11	30
-0.10	-0.16	5.09	0.09	24
-0.09	0.38	5.14	0.05	35
-0.08	0.36	5.18	0.04	50
-0.09	-0.31	5.25	0.07	38
-0.10	-0.32	5.32	0.07	27
-0.10	-0.07	5.38	0.06	23
-0.09	0.16	5.42	0.04	26
-0.09	0.12	5.45	0.03	30
-0.09	0.01	5.49	0.04	32
-0.09	-0.19	5.54	0.04	24
-0.10	-0.19	5.58	0.04	17
-0.11	-0.24	5.61	0.03	-1
-0.10	0.29	5.61	0.01	9
-0.09	0.15	5.61	0.00	13
-0.09	0.12	5.61	0.00	18
-0.09	0.00	5.62	0.00	18
-0.09	-0.07	5.62	0.01	15
-0.10	-0.28	5.63	0.01	0
-0.10	-0.13	5.63	0.00	-7
-0.11	-0.18	5.63	0.00	-17
-0.11	-0.12	5.63	-0.00	-23
-0.12	-0.17	5.62	-0.01	-35
-0.12	-0.14	5.59	-0.03	-50
-0.10	0.58	5.54	-0.06	-27
-0.10	0.21	5.48	-0.06	-23
-0.11	-0.28	5.44	-0.04	-35
-0.11	-0.16	5.41	-0.03	-42
-0.10	0.24	5.36	-0.05	-32
-0.11	-0.16	5.31	-0.05	-45
-0.11	0.10	5.27	-0.05	-39
-0.11	-0.05	5.21	-0.06	-49
-0.10	0.30	5.15	-0.06	-32
-0.11	-0.27	5.10	-0.05	-51
-0.11	-0.07	5.05	-0.05	-54
-0.11	0.02	4.97	-0.07	-62
-0.09	0.49	4.88	-0.09	-42
-0.09	-0.05	4.80	-0.09	-52
-0.09	0.10	4.72	-0.08	-45
-0.10	-0.15	4.64	-0.08	-57
-0.09	0.19	4.56	-0.08	-48
-0.09	0.10	4.47	-0.10	-51
-0.08	0.19	4.37	-0.09	-43
-0.09	-0.16	4.28	-0.09	-57
-0.08	0.25	4.18	-0.10	-45
-0.07	0.22	4.07	-0.11	-42
-0.07	-0.07	3.98	-0.10	-46
-0.08	-0.22	3.89	-0.09	-59
-0.07	0.46	3.78	-0.11	-39
-0.05	0.37	3.68	-0.10	-22
-0.07	-0.50	3.61	-0.07	-46
-0.08	-0.46	3.54	-0.07	-69
-0.07	0.51	3.43	-0.11	-53
-0.05	0.48	3.30	-0.13	-40
-0.06	-0.06	3.19	-0.11	-47
-0.06	-0.06	3.09	-0.10	-48
-0.05	0.19	2.99	-0.10	-38
-0.05	-0.04	2.90	-0.09	-42
-0.05	-0.04	2.81	-0.09	-44
-0.06	-0.08	2.73	-0.09	-52
-0.05	0.16	2.63	-0.10	-48
-0.04	0.35	2.53	-0.10	-33
-0.03	0.45	2.43	-0.09	-8
-0.04	-0.58	2.39	-0.05	-31
-0.07	-0.76	2.36	-0.03	-65
-0.05	0.59	2.27	-0.08	-43
-0.04	0.45	2.17	-0.10	-32
-0.03	0.12	2.09	-0.08	-25
-0.04	-0.22	2.04	-0.05	-30
-0.05	-0.32	2.00	-0.04	-43
-0.05	-0.03	1.95	-0.05	-47
-0.04	0.24	1.88	-0.07	-41
-0.02	0.57	1.80	-0.08	-15
-0.03	-0.03	1.75	-0.05	-11
-0.04	-0.61	1.74	-0.01	-35
-0.05	-0.28	1.72	-0.02	-48
-0.04	0.29	1.67	-0.05	-43
-0.03	0.54	1.60	-0.07	-22
-0.02	0.28	1.54	-0.06	-7
-0.02	-0.15	1.52	-0.02	-3
-0.04	-0.50	1.52	0.00	-24
-0.05	-0.31	1.52	-0.01	-41
-0.04	0.29	1.49	-0.03	-29
-0.02	0.58	1.44	-0.04	-3
-0.01	0.43	1.42	-0.02	24
-0.01	-0.12	1.43	0.01	24
-0.01	-0.05	1.44	0.01	23
-0.01	-0.02	1.45	0.01	23
-0.01	-0.01	1.46	0.01	23
-0.01	0.13	1.47	0.01	31
-0.01	0.09	1.48	0.02	38
-0.01	-0.07	1.51	0.03	38
-0.02	-0.32	1.55	0.04	26
-0.02	0.08	1.58	0.03	33
-0.02	0.02	1.61	0.03	32
-0.01	0.17	1.63	0.03	44
-0.01	-0.05	1.67	0.03	42
-0.01	-0.02	1.72	0.05	49
-0.02	-0.23	1.78	0.06	43
-0.03	-0.15	1.85	0.07	42
-0.03	-0.14	1.92	0.06	34
-0.02	0.29	1.97	0.05	52
-0.03	-0.15	2.03	0.06	44
-0.02	0.16	2.10	0.07	60
-0.03	-0.41	2.19	0.09	44
-0.03	0.03	2.28	0.09	55
-0.04	-0.33	2.37	0.10	40
-0.04	0.03	2.46	0.09	45
-0.04	-0.01	2.54	0.08	44
-0.03	0.26	2.63	0.09	64
-0.04	-0.30	2.74	0.10	53
-0.05	-0.16	2.85	0.11	55
-0.05	-0.18	2.97	0.12	51
-0.05	0.05	3.08	0.11	58
-0.06	-0.19	3.20	0.11	50
-0.05	0.18	3.31	0.11	66
-0.06	-0.43	3.44	0.12	46
-0.06	-0.04	3.56	0.12	51
-0.07	-0.07	3.67	0.11	45
-0.06	0.27	3.77	0.11	64
-0.05	0.12	3.89	0.11	77
-0.07	-0.48	4.03	0.14	62
-0.08	-0.49	4.19	0.16	47
-0.09	-0.09	4.32	0.13	40
-0.08	0.33	4.41	0.10	53
-0.06	0.45	4.51	0.10	78
-0.08	-0.58	4.64	0.13	56
-0.09	-0.16	4.78	0.14	58
-0.09	-0.05	4.90	0.12	53
-0.07	0.38	5.00	0.11	76
-0.08	-0.25	5.12	0.11	63
-0.08	-0.02	5.25	0.13	74
-0.10	-0.44	5.38	0.14	55
-0.10	-0.16	5.52	0.14	54
-0.10	-0.05	5.64	0.11	49
-0.09	0.43	5.75	0.11	76
-0.10	-0.24	5.88	0.13	71
-0.11	-0.32	6.04	0.16	68
-0.13	-0.75	6.20	0.16	33
-0.12	0.36	6.33	0.13	56
-0.12	0.02	6.44	0.11	48
-0.12	-0.03	6.55	0.11	47
-0.12	0.00	6.65	0.11	50
-0.12	0.02	6.76	0.11	55
-0.13	-0.33	6.87	0.11	41
-0.13	-0.12	6.97	0.10	36
-0.13	0.00	7.06	0.09	35
-0.12	0.17	7.14	0.07	41
-0.12	0.03	7.21	0.07	41
-0.12	0.10	7.29	0.08	53
-0.13	-0.37	7.39	0.09	38
-0.13	-0.11	7.48	0.09	37
-0.14	-0.30	7.56	0.08	18
-0.13	0.28	7.61	0.06	30
-0.13	0.10	7.65	0.04	27
-0.13	0.09	7.70	0.04	34
-0.13	-0.16	7.74	0.05	27
-0.14	-0.08	7.79	0.05	25
-0.14	-0.14	7.83	0.04	16
-0.14	0.15	7.86	0.03	22
-0.14	0.01	7.88	0.02	18
-0.13	0.04	7.90	0.02	21
-0.14	-0.19	7.92	0.02	9
-0.13	0.17	7.93	0.01	18
-0.14	-0.03	7.93	0.00	12
-0.14	-0.08	7.93	0.00	7
-0.14	-0.10	7.93	0.00	1
-0.15	-0.21	7.93	0.00	-10
-0.15	-0.23	7.93	-0.00	-23
-0.16	-0.19	7.93	-0.00	-33
-0.16	0.04	7.90	-0.03	-39
-0.15	0.33	7.85	-0.04	-27
-0.14	0.31	7.80	-0.05	-14
-0.15	-0.39	7.77	-0.03	-36
-0.15	-0.11	7.74	-0.03	-38
-0.15	0.18	7.69	-0.05	-35
-0.14	0.35	7.63	-0.06	-21
-0.14	-0.19	7.58	-0.05	-33
-0.14	-0.09	7.54	-0.04	-36
-0.14	0.04	7.49	-0.05	-37
-0.14	0.10	7.43	-0.06	-37
-0.14	0.10	7.36	-0.06	-35
-0.13	0.13	7.30	-0.06	-30
-0.13	-0.06	7.24	-0.06	-35
-0.13	0.17	7.18	-0.06	-24
-0.13	-0.18	7.14	-0.05	-34
-0.14	-0.05	7.09	-0.05	-37
-0.13	0.17	7.03	-0.06	-31
-0.12	0.20	6.97	-0.06	-22
-0.12	-0.03	6.93	-0.04	-20
-0.13	-0.13	6.90	-0.03	-24
-0.13	-0.14	6.88	-0.03	-29
-0.13	0.09	6.84	-0.03	-26
-0.13	0.02	6.80	-0.04	-30
-0.12	0.34	6.76	-0.04	-10
-0.12	-0.17	6.74	-0.03	-18
-0.13	-0.16	6.73	-0.01	-20
-0.13	-0.23	6.72	-0.01	-33
-0.14	-0.15	6.69	-0.03	-46
-0.11	0.87	6.63	-0.06	-7
-0.11	0.21	6.58	-0.04	2
-0.12	-0.47	6.58	-0.00	-12
-0.13	-0.29	6.58	0.00	-23
-0.14	-0.25	6.57	-0.01	-40
-0.12	0.54	6.53	-0.04	-15
-0.10	0.62	6.49	-0.04	15
-0.11	-0.39	6.49	-0.00	-1
-0.12	-0.17	6.49	0.00	-6
-0.12	-0.05	6.49	0.00	-7
-0.13	-0.35	6.49	0.00	-27
-0.14	-0.22	6.48	-0.02	-44
-0.12	0.60	6.43	-0.04	-18
-0.09	0.97	6.38	-0.05	31
-0.10	-0.45	6.39	0.01	16
-0.12	-0.44	6.41	0.02	0
-0.12	-0.05	6.41	0.00	-4
-0.11	0.14	6.41	0.00	4
-0.11	0.01	6.41	0.00	4
-0.11	0.07	6.41	0.00	8
-0.11	0.10	6.41	0.00	14
-0.11	-0.03	6.41	0.00	12
-0.11	0.05	6.41	0.00	15
-0.10	0.07	6.41	0.00	19
-0.10	0.10	6.41	0.00	26
-0.10	0.15	6.42	0.01	36
-0.10	-0.27	6.44	0.02	26
-0.11	-0.26	6.48	0.04	20
-0.11	-0.08	6.51	0.03	15
-0.11	0.06	6.52	0.02	15
-0.11	0.21	6.53	0.01	25
-0.10	0.19	6.55	0.02	38
-0.11	-0.28	6.59	0.04	29
-0.12	-0.34	6.63	0.05	16
-0.12	0.01	6.67	0.03	17
-0.11	0.33	6.68	0.02	31
-0.11	0.07	6.71	0.03	37
-0.10	0.05	6.76	0.05	48
-0.11	-0.18	6.83	0.07	49
-0.13	-0.58	6.92	0.09	27
-0.14	-0.34	6.99	0.07	9
-0.12	0.68	7.03	0.04	41
-0.09	0.90	7.07	0.04	91
-0.13	-1.30	7.18	0.11	33
-0.17	-1.25	7.31	0.12	-19
-0.13	1.20	7.35	0.04	36
-0.09	1.22	7.37	0.02	92
-0.13	-1.27	7.47	0.10	34
-0.16	-1.13	7.60	0.13	-7
-0.13	1.01	7.65	0.05	37
-0.11	0.75	7.67	0.03	66
-0.13	-0.77	7.75	0.08	32
-0.15	-0.51	7.85	0.10	18
-0.15	0.03	7.90	0.05	13
-0.13	0.78	7.93	0.03	49
-0.12	0.11	7.97	0.04	56
-0.13	-0.33	8.06	0.09	53
-0.15	-0.52	8.16	0.10	37
-0.15	-0.22	8.26	0.10	30
-0.15	-0.05	8.33	0.07	22
-0.14	0.53	8.38	0.05	47
-0.12	0.50	8.43	0.05	76
-0.14	-0.44	8.54	0.11	69
-0.16	-0.85	8.68	0.14	39
-0.17	-0.35	8.80	0.12	23
-0.16	0.53	8.88	0.07	43
-0.14	0.67	8.94	0.06	76
-0.16	-0.75	9.04	0.10	42
-0.17	-0.56	9.16	0.12	26
-0.16	0.47	9.25	0.08	50
-0.14	0.73	9.33	0.08	91
-0.17	-1.01	9.46	0.13	46
-0.19	-0.86	9.61	0.15	18
-0.18	0.37	9.70	0.09	29
-0.15	0.97	9.76	0.05	71
-0.17	-0.43	9.85	0.09	52
-0.17	-0.01	9.97	0.12	69
-0.19	-0.76	10.10	0.13	32
-0.19	-0.07	10.21	0.11	33
-0.18	0.49	10.29	0.08	53
-0.16	0.42	10.37	0.08	78
-0.18	-0.71	10.49	0.12	49
-0.19	-0.28	10.63	0.14	50
-0.20	-0.40	10.74	0.11	24
-0.19	0.38	10.82	0.08	41
-0.19	0.23	10.89	0.07	48
-0.18	0.05	10.97	0.08	55
-0.20	-0.52	11.06	0.09	31
-0.20	-0.09	11.15	0.09	31
-0.20	0.08	11.21	0.06	30
-0.19	0.33	11.26	0.05	45
-0.19	0.16	11.32	0.06	57
-0.19	-0.10	11.42	0.10	66
-0.22	-0.94	11.54	0.12	23
-0.23	-0.37	11.63	0.09	4
-0.20	0.99	11.66	0.03	44
-0.17	0.86	11.68	0.02	85
-0.21	-1.18	11.77	0.09	33
-0.22	-0.60	11.88	0.10	17
-0.21	0.38	11.93	0.05	29
-0.20	0.31	11.95	0.02	33
-0.20	0.13	11.98	0.03	41
-0.20	-0.00	12.03	0.05	48
-0.22	-0.56	12.09	0.06	22
-0.23	-0.38	12.15	0.05	1
-0.21	0.54	12.16	0.01	24
-0.20	0.38	12.16	0.01	39
-0.21	-0.24	12.19	0.02	27
-0.20	0.02	12.21	0.03	33
-0.21	-0.12	12.24	0.03	28
-0.21	-0.13	12.26	0.02	21
-0.22	-0.20	12.28	0.02	8
-0.22	0.01	12.29	0.01	6
-0.21	0.23	12.29	0.00	18
-0.21	0.11	12.29	0.00	24
-0.21	-0.09	12.30	0.01	20
-0.21	-0.06	12.31	0.01	19
-0.21	-0.12	12.32	0.01	12
-0.22	-0.13	12.32	0.00	4
-0.22	-0.15	12.32	0.00	-4
-0.22	-0.12	12.32	0.00	-9
-0.23	-0.11	12.32	0.00	-14
-0.23	-0.15	12.32	0.00	-22
-0.23	-0.09	12.31	-0.01	-31
-0.23	-0.00	12.29	-0.02	-35
-0.23	0.16	12.25	-0.03	-30
-0.23	0.13	12.22	-0.03	-25
-0.23	-0.17	12.21	-0.02	-30
-0.24	-0.26	12.19	-0.01	-42
-0.24	-0.05	12.17	-0.02	-46
-0.24	-0.01	12.13	-0.04	-55
-0.22	0.55	12.06	-0.07	-35
-0.22	0.21	11.99	-0.07	-32
-0.21	0.05	11.93	-0.05	-25
-0.22	-0.09	11.89	-0.04	-25
-0.23	-0.31	11.86	-0.03	-39
-0.23	-0.27	11.83	-0.04	-57
-0.22	0.51	11.76	-0.07	-37
-0.20	0.47	11.67	-0.08	-21
-0.21	-0.09	11.62	-0.06	-23
-0.22	-0.50	11.58	-0.04	-45
-0.23	-0.26	11.53	-0.05	-62
-0.21	0.47	11.44	-0.09	-48
-0.20	0.56	11.33	-0.11	-31
-0.19	0.08	11.25	-0.09	-25
-0.20	-0.18	11.19	-0.06	-27
-0.21	-0.53	11.14	-0.05	-54
-0.23	-0.39	11.08	-0.07	-82
-0.20	0.79	10.96	-0.12	-54
-0.18	0.86	10.81	-0.15	-25
-0.16	0.60	10.71	-0.10	16
-0.20	-1.41	10.69	-0.02	-43
-0.23	-0.91	10.66	-0.03	-86
-0.19	1.16	10.55	-0.11	-38
-0.17	0.81	10.43	-0.12	-12
-0.17	-0.03	10.36	-0.07	-4
-0.20	-0.89	10.34	-0.02	-36
-0.22	-0.88	10.32	-0.02	-82
-0.20	0.79	10.23	-0.09	-54
-0.17	1.02	10.11	-0.13	-19
-0.14	0.98	10.01	-0.09	40
-0.18	-1.34	10.01	-0.00	-15
-0.22	-1.33	10.02	0.01	-77
-0.20	0.66	9.96	-0.06	-51
-0.16	1.10	9.85	-0.11	-13
-0.16	0.06	9.77	-0.07	-10
-0.18	-0.61	9.75	-0.03	-30
-0.19	-0.34	9.73	-0.02	-41
-0.19	0.04	9.68	-0.05	-46
-0.17	0.45	9.60	-0.07	-31
-0.15	0.73	9.53	-0.07	5
-0.17	-0.66	9.51	-0.03	-23
-0.19	-0.49	9.49	-0.01	-41
-0.18	0.37	9.45	-0.04	-24
-0.17	0.15	9.41	-0.04	-21
-0.17	0.11	9.38	-0.03	-11
-0.17	-0.12	9.36	-0.01	-13
-0.18	-0.32	9.36	-0.00	-26
-0.19	-0.20	9.36	-0.00	-35
-0.18	0.24	9.33	-0.03	-29
-0.17	0.30	9.29	-0.04	-19
-0.17	0.10	9.26	-0.03	-12
-0.17	-0.16	9.25	-0.01	-14
-0.18	-0.20	9.25	0.00	-21
-0.18	-0.13	9.25	-0.00	-27
-0.18	0.05	9.24	-0.01	-26
-0.17	0.17	9.22	-0.02	-20
-0.17	0.26	9.20	-0.02	-6
-0.16	-0.00	9.19	-0.00	-3
-0.17	-0.01	9.19	0.00	-1
-0.17	-0.07	9.19	0.00	-5
-0.17	-0.02	9.19	0.00	-5
-0.17	-0.02	9.19	0.00	-6
-0.17	0.04	9.19	0.00	-3
-0.17	0.01	9.19	0.00	-3
-0.17	0.02	9.19	0.00	-2
-0.16	0.03	9.19	0.00	0
-0.16	0.05	9.19	0.00	2
-0.16	0.06	9.19	0.00	6
-0.16	0.07	9.19	0.00	10
-0.16	0.10	9.19	0.00	15
-0.15	0.05	9.20	0.00	19
-0.15	0.07	9.20	0.01	24
-0.15	0.03	9.22	0.01	29
-0.16	-0.34	9.24	0.02	13
-0.16	0.05	9.25	0.01	15
-0.15	0.16	9.25	0.00	21
-0.15	0.09	9.26	0.01	26
-0.15	-0.02	9.27	0.01	26
-0.15	-0.08	9.28	0.01	23
-0.15	0.01	9.29	0.01	25
-0.16	-0.07	9.31	0.01	22
-0.15	0.08	9.32	0.01	27
-0.15	-0.04	9.33	0.01	25
-0.15	0.10	9.34	0.01	32
-0.15	-0.05	9.36	0.02	30
-0.15	-0.03	9.38	0.03	33
-0.16	-0.18	9.41	0.03	26
-0.16	-0.10	9.44	0.03	24
-0.16	-0.10	9.47	0.03	18
-0.16	0.16	9.48	0.02	25
-0.16	0.07	9.50	0.02	29
-0.16	-0.08	9.52	0.03	28
-0.17	-0.33	9.55	0.03	12
-0.17	0.03	9.57	0.02	12
-0.16	0.22	9.57	0.00	19
-0.15	0.34	9.57	0.00	39
-0.15	-0.04	9.60	0.03	43
-0.17	-0.49	9.65	0.05	27
-0.17	-0.29	9.71	0.05	16
-0.17	0.17	9.74	0.03	23
-0.16	0.24	9.76	0.02	32
-0.16	0.03	9.79	0.03	35
-0.16	-0.07	9.83	0.04	37
-0.17	-0.13	9.89	0.06	38
-0.18	-0.30	9.94	0.06	24
-0.17	0.05	9.99	0.05	29
-0.17	0.03	10.03	0.04	29
-0.17	0.11	10.07	0.04	34
-0.17	-0.12	10.11	0.04	30
-0.17	0.05	10.15	0.04	36
-0.18	-0.25	10.20	0.05	24
-0.17	0.16	10.25	0.04	37
-0.18	-0.12	10.29	0.04	28
-0.18	0.04	10.33	0.04	34
-0.18	-0.16	10.38	0.04	26
-0.18	0.14	10.42	0.04	37
-0.18	-0.11	10.47	0.05	32
-0.18	0.02	10.52	0.05	38
-0.19	-0.25	10.57	0.05	24
-0.18	0.14	10.62	0.05	36
-0.18	-0.10	10.66	0.05	30
-0.18	0.02	10.71	0.05	34
-0.19	-0.06	10.76	0.05	33
-0.18	0.01	10.81	0.05	37
-0.19	-0.18	10.87	0.05	29
-0.19	-0.01	10.92	0.05	31
-0.19	-0.06	10.97	0.05	28
-0.19	0.02	11.01	0.04	30
-0.19	-0.01	11.06	0.04	31
-0.19	0.07	11.10	0.04	37
-0.19	-0.18	11.16	0.05	31
-0.20	-0.11	11.21	0.06	30
-0.20	-0.28	11.26	0.05	13
-0.21	-0.10	11.29	0.03	2
-0.20	0.39	11.30	0.00	16
-0.18	0.44	11.30	0.00	40
-0.18	-0.08	11.32	0.03	40
-0.20	-0.62	11.39	0.06	18
-0.22	-0.54	11.43	0.04	-11
-0.21	0.43	11.44	0.01	6
-0.20	0.20	11.44	0.00	11
-0.20	0.08	11.44	0.00	13
-0.20	0.02	11.44	0.00	13
-0.20	-0.01	11.44	0.00	12
-0.20	-0.03	11.44	0.00	11
-0.20	-0.05	11.44	0.00	8
-0.20	-0.10	11.44	0.00	3
-0.21	-0.13	11.44	0.00	-3
-0.21	-0.14	11.44	0.00	-10
-0.22	-0.22	11.44	0.00	-22
-0.22	-0.15	11.43	-0.01	-31
-0.22	-0.14	11.41	-0.02	-44
-0.21	0.42	11.37	-0.04	-29
-0.20	0.31	11.31	-0.06	-20
-0.20	0.21	11.27	-0.04	-5
-0.20	-0.14	11.26	-0.01	-3
-0.21	-0.47	11.26	0.00	-26
-0.23	-0.51	11.25	-0.01	-58
-0.21	0.70	11.20	-0.05	-28
-0.19	0.52	11.12	-0.07	-12
-0.20	-0.28	11.09	-0.04	-23
-0.21	-0.48	11.07	-0.02	-43
-0.21	0.04	11.02	-0.04	-44
-0.21	0.24	10.96	-0.07	-41
-0.19	0.44	10.88	-0.08	-24
-0.18	0.25	10.82	-0.06	-8
-0.18	0.16	10.79	-0.03	12
-0.21	-0.95	10.79	-0.00	-37
-0.22	-0.50	10.77	-0.02	-66
-0.20	0.68	10.70	-0.07	-42
-0.18	0.83	10.60	-0.10	-12
-0.16	0.70	10.54	-0.06	34
-0.19	-1.11	10.54	0.01	-12
-0.20	-0.44	10.55	0.01	-26
-0.21	-0.30	10.54	-0.01	-47
-0.19	0.75	10.49	-0.04	-11
-0.17	0.67	10.45	-0.04	22
-0.18	-0.51	10.45	0.00	0
-0.18	0.07	10.45	0.00	9
-0.18	-0.02	10.45	0.00	9
-0.19	-0.39	10.45	0.00	-14
-0.20	-0.29	10.45	-0.00	-29
-0.19	0.31	10.43	-0.01	-11
-0.19	0.16	10.42	-0.01	-4
-0.19	-0.01	10.42	-0.00	-1
-0.19	-0.10	10.42	0.00	-6
-0.19	-0.15	10.42	0.00	-14
-0.20	-0.13	10.42	0.00	-20
-0.20	-0.04	10.41	-0.01	-24
-0.20	0.10	10.41	-0.01	-18
-0.19	0.13	10.39	-0.01	-13
-0.19	0.05	10.38	-0.01	-10
-0.19	-0.01	10.38	-0.00	-8
-0.19	-0.00	10.38	0.00	-7
-0.19	-0.04	10.38	0.00	-9
-0.19	0.04	10.38	0.00	-6
-0.19	0.03	10.38	0.00	-4
-0.19	0.05	10.38	0.00	-1
-0.18	0.05	10.38	0.00	1
-0.18	0.05	10.38	0.00	4
-0.18	0.06	10.38	0.00	7
-0.18	0.03	10.38	0.00	9
-0.18	0.06	10.38	0.00	12
-0.18	0.05	10.38	0.00	15
-0.17	0.07	10.39	0.01	22
-0.17	-0.01	10.39	0.01	21
-0.17	0.01	10.40	0.01	24
-0.18	-0.19	10.41	0.01	13
-0.18	0.06	10.42	0.01	18
-0.18	0.00	10.42	0.00	17
-0.18	-0.01	10.43	0.00	16
-0.18	-0.10	10.43	0.00	10
-0.18	0.07	10.43	0.00	15
-0.18	-0.03	10.43	0.00	13
-0.18	-0.06	10.44	0.00	11
-0.18	-0.06	10.44	0.00	7
-0.18	0.01	10.44	0.00	8
-0.18	-0.02	10.44	0.00	8
-0.18	-0.03	10.44	0.00	6
-0.18	-0.03	10.44	0.00	5
-0.18	-0.02	10.44	0.00	4
-0.18	-0.04	10.44	0.00	2
-0.19	-0.04	10.44	0.00	1
-0.19	-0.04	10.44	0.00	0
-0.19	-0.05	10.44	0.00	-2
-0.19	-0.06	10.44	0.00	-5
-0.19	-0.06	10.44	0.00	-8
-0.19	-0.06	10.44	0.00	-11
-0.20	-0.09	10.44	0.00	-16
-0.20	-0.07	10.44	0.00	-19
-0.20	-0.22	10.43	-0.00	-32
-0.20	0.17	10.42	-0.02	-25
-0.19	0.28	10.39	-0.03	-16
-0.18	0.24	10.37	-0.02	-2
-0.18	0.02	10.36	-0.00	3
-0.18	-0.09	10.36	0.00	0
-0.19	-0.12	10.36	0.00	-5
-0.19	-0.20	10.36	0.00	-16
-0.20	-0.22	10.36	-0.00	-29
-0.20	0.10	10.35	-0.01	-25
-0.19	0.30	10.32	-0.03	-13
-0.18	0.15	10.30	-0.02	-5
-0.18	0.01	10.30	-0.00	0
-0.18	-0.07	10.30	0.00	-1
-0.19	-0.13	10.30	0.00	-9
-0.19	-0.19	10.30	0.00	-19
-0.19	0.03	10.30	-0.00	-15
-0.19	-0.04	10.30	0.00	-17
-0.20	-0.11	10.29	-0.00	-24
-0.20	0.05	10.29	-0.00	-20
-0.19	0.22	10.27	-0.02	-12
-0.18	0.17	10.27	-0.01	-1
-0.18	-0.00	10.27	-0.00	0
-0.18	-0.03	10.27	0.00	-1
-0.19	-0.04	10.27	0.00	-3
-0.19	-0.03	10.27	0.00	-4
-0.19	-0.00	10.27	0.00	-4
-0.18	0.05	10.27	0.00	0
-0.18	0.07	10.27	0.00	3
-0.18	0.08	10.27	0.00	7
-0.18	0.09	10.27	0.00	12
-0.17	0.06	10.27	0.00	15
-0.17	0.08	10.27	0.00	20
-0.17	0.06	10.27	0.00	23
-0.17	0.11	10.27	0.01	32
-0.17	-0.14	10.30	0.02	30
-0.18	-0.44	10.34	0.04	13
-0.20	-0.52	10.36	0.03	-18
-0.19	0.18	10.36	0.00	-11
-0.19	0.22	10.36	-0.00	0
-0.19	-0.05	10.36	0.00	-5
-0.19	-0.08	10.36	0.00	-9
-0.19	-0.01	10.36	0.00	-8
-0.19	0.00	10.36	0.00	-8
-0.19	-0.09	10.36	0.00	-13
-0.20	-0.11	10.36	0.00	-19
-0.20	-0.12	10.36	0.00	-24
-0.20	-0.15	10.35	-0.00	-34
-0.20	0.25	10.34	-0.02	-23
-0.19	0.33	10.30	-0.03	-12
-0.18	0.10	10.29	-0.01	-3
-0.18	-0.08	10.29	-0.00	-4
-0.19	-0.25	10.29	0.00	-17
-0.20	-0.35	10.29	-0.00	-36
-0.19	0.29	10.27	-0.02	-23
-0.19	0.27	10.23	-0.04	-15
-0.18	0.11	10.21	-0.02	-6
-0.19	-0.17	10.21	-0.00	-11
-0.20	-0.35	10.21	0.00	-28
-0.19	0.19	10.19	-0.01	-18
-0.19	0.00	10.18	-0.02	-23
-0.19	0.10	10.16	-0.02	-17
-0.19	-0.01	10.14	-0.01	-16
-0.19	-0.03	10.13	-0.01	-17
-0.20	-0.24	10.13	-0.01	-29
-0.19	0.15	10.11	-0.02	-22
-0.19	0.12	10.08	-0.03	-20
-0.18	0.14	10.06	-0.02	-12
-0.18	-0.01	10.05	-0.01	-9
-0.19	-0.19	10.05	-0.00	-17
-0.19	-0.15	10.05	-0.00	-24
-0.19	0.08	10.04	-0.01	-19
-0.19	0.07	10.03	-0.02	-19
-0.18	0.10	10.01	-0.01	-13
-0.19	-0.06	10.01	-0.01	-16
-0.19	-0.00	10.00	-0.00	-14
-0.19	-0.06	10.00	-0.00	-16
-0.19	-0.02	10.00	0.00	-16
-0.19	-0.08	10.00	0.00	-20
-0.19	-0.07	10.00	0.00	-23
-0.19	-0.10	10.00	-0.00	-29
-0.19	0.18	9.98	-0.01	-21
-0.18	0.15	9.96	-0.02	-18
-0.18	0.06	9.95	-0.02	-15
-0.18	-0.08	9.94	-0.01	-17
-0.19	-0.08	9.93	-0.01	-20
-0.19	-0.15	9.93	-0.01	-28
-0.19	0.03	9.91	-0.01	-28
-0.18	0.32	9.89	-0.03	-14
-0.18	-0.07	9.87	-0.02	-19
-0.19	-0.19	9.86	-0.00	-24
-0.19	-0.10	9.86	-0.01	-29
-0.19	-0.09	9.83	-0.02	-40
-0.19	0.25	9.79	-0.04	-33
-0.18	0.30	9.74	-0.05	-22
-0.17	0.15	9.71	-0.03	-10
-0.18	-0.16	9.70	-0.01	-12
-0.19	-0.41	9.70	0.00	-31
-0.20	-0.27	9.68	-0.01	-49
-0.18	0.53	9.64	-0.05	-28
-0.17	0.50	9.58	-0.05	-6
-0.18	-0.36	9.57	-0.02	-21
-0.19	-0.58	9.56	-0.00	-46
-0.19	-0.03	9.54	-0.03	-51
-0.17	0.65	9.47	-0.06	-27
-0.17	0.28	9.41	-0.06	-18
-0.16	0.06	9.38	-0.03	-6
-0.17	-0.29	9.38	-0.01	-14
-0.18	-0.39	9.38	0.00	-32
-0.19	-0.17	9.37	-0.01	-40
-0.18	0.29	9.34	-0.03	-31
-0.17	0.38	9.30	-0.04	-18
-0.16	0.24	9.27	-0.03	-1
-0.16	0.05	9.27	-0.00	8
-0.16	-0.17	9.27	0.00	0
-0.17	-0.16	9.27	0.00	-8
-0.17	-0.09	9.27	0.00	-11
-0.17	-0.02	9.27	0.00	-11
-0.17	0.07	9.27	0.00	-6
-0.17	-0.04	9.27	0.00	-9
-0.17	-0.03	9.27	0.00	-10
-0.17	-0.06	9.27	0.00	-13
-0.17	0.02	9.27	0.00	-11
-0.17	0.01	9.27	0.00	-10
-0.17	0.06	9.27	0.00	-6
-0.17	0.02	9.27	0.00	-6
-0.17	0.06	9.27	0.00	-2
-0.17	0.06	9.27	0.00	1
-0.16	0.08	9.27	0.00	5
-0.16	0.11	9.27	0.00	11
-0.16	0.10	9.27	0.00	16
-0.15	0.16	9.27	0.00	26
-0.15	0.08	9.28	0.01	33
-0.15	-0.06	9.30	0.03	37
-0.16	-0.33	9.35	0.04	26
-0.16	-0.09	9.38	0.04	23
-0.16	-0.09	9.41	0.02	15
-0.16	0.13	9.41	0.01	17
-0.15	0.26	9.42	0.00	30
-0.15	0.15	9.43	0.01	40
-0.15	-0.11	9.44	0.02	36
-0.15	0.06	9.47	0.02	44
-0.15	-0.17	9.49	0.03	36
-0.16	-0.08	9.53	0.04	38
-0.17	-0.38	9.57	0.04	19
-0.16	0.10	9.60	0.03	26
-0.16	0.04	9.62	0.02	24
-0.16	0.23	9.64	0.02	37
-0.16	-0.12	9.66	0.03	33
-0.16	-0.15	9.70	0.04	30
-0.17	-0.25	9.74	0.04	20
-0.17	0.16	9.77	0.03	27
-0.17	-0.05	9.79	0.02	23
-0.16	0.20	9.81	0.02	35
-0.17	-0.21	9.84	0.03	25
-0.16	0.08	9.88	0.03	34
-0.17	-0.19	9.91	0.04	25
-0.17	-0.08	9.95	0.04	24
-0.17	-0.04	9.98	0.03	21
-0.17	0.13	10.00	0.02	26
-0.17	-0.09	10.03	0.02	21
-0.17	0.11	10.05	0.02	28
-0.17	-0.12	10.07	0.02	21
-0.17	0.06	10.10	0.02	27
-0.18	-0.18	10.12	0.03	19
-0.18	-0.04	10.15	0.02	17
-0.18	0.01	10.16	0.02	17
-0.17	0.11	10.17	0.01	21
-0.17	0.09	10.19	0.02	29
-0.17	-0.00	10.21	0.02	32
-0.18	-0.28	10.25	0.04	24
-0.18	-0.26	10.29	0.04	13
-0.19	-0.22	10.32	0.02	-4
-0.18	0.33	10.32	0.00	8
-0.17	0.26	10.32	0.00	21
-0.16	0.28	10.32	0.00	37
-0.17	-0.21	10.35	0.03	33
-0.19	-0.67	10.40	0.05	4
-0.21	-0.52	10.42	0.03	-28
-0.19	0.52	10.42	-0.01	-4
-0.18	0.36	10.41	-0.01	13
-0.17	0.15	10.41	0.00	21
-0.17	0.15	10.41	0.00	30
-0.18	-0.31	10.43	0.02	18
-0.19	-0.24	10.46	0.03	10
-0.19	-0.10	10.47	0.01	0
-0.19	0.02	10.47	0.00	-1
-0.19	0.09	10.47	0.00	3
-0.18	0.10	10.47	0.00	9
-0.18	0.07	10.47	0.00	12
-0.18	0.06	10.47	0.00	16
-0.18	0.06	10.47	0.00	20
-0.17	0.08	10.48	0.01	26
-0.17	0.03	10.50	0.02	34
-0.19	-0.60	10.54	0.04	6
-0.21	-0.68	10.56	0.02	-34
-0.20	0.45	10.55	-0.01	-13
-0.19	0.28	10.53	-0.02	-4
-0.19	0.04	10.53	0.00	2
-0.19	-0.11	10.53	0.00	-3
-0.19	-0.15	10.53	0.00	-12
-0.20	-0.19	10.53	0.00	-21
-0.20	-0.10	10.52	-0.01	-29
-0.20	0.22	10.50	-0.02	-19
-0.19	0.25	10.48	-0.02	-6
-0.19	0.06	10.47	-0.01	0
-0.19	-0.13	10.47	0.00	-5
-0.20	-0.25	10.47	0.00	-19
-0.21	-0.32	10.47	-0.00	-36
-0.20	0.21	10.45	-0.02	-28
-0.19	0.29	10.41	-0.04	-20
-0.18	0.24	10.38	-0.03	-7
-0.18	0.14	10.37	-0.01	7
-0.18	-0.13	10.37	0.00	2
-0.19	-0.30	10.37	0.00	-14
-0.20	-0.37	10.37	0.00	-33
-0.19	0.36	10.35	-0.02	-15
-0.18	0.34	10.33	-0.02	0
-0.18	-0.12	10.33	-0.00	-2
-0.19	-0.28	10.33	0.00	-17
-0.20	-0.15	10.32	-0.00	-25
-0.20	-0.04	10.31	-0.01	-27
-0.20	0.03	10.29	-0.03	-32
-0.18	0.47	10.26	-0.03	-8
-0.17	0.41	10.24	-0.02	17
-0.18	-0.44	10.24	0.00	-6
-0.19	-0.25	10.24	0.00	-16
-0.19	-0.12	10.23	-0.00	-21
-0.20	-0.10	10.23	-0.00	-26
-0.19	0.16	10.22	-0.01	-18
-0.19	0.12	10.20	-0.02	-15
-0.19	0.07	10.19	-0.01	-9
-0.19	-0.09	10.19	-0.00	-12
-0.19	-0.05	10.19	0.00	-13
-0.19	-0.07	10.19	0.00	-16
-0.19	-0.04	10.19	0.00	-17
-0.19	-0.03	10.19	0.00	-18
-0.19	0.01	10.19	0.00	-17
-0.19	-0.01	10.19	0.00	-17
-0.19	0.01	10.19	0.00	-16
-0.19	-0.00	10.19	0.00	-16
-0.19	0.02	10.19	0.00	-15
-0.19	-0.01	10.19	0.00	-15
-0.19	0.00	10.19	0.00	-15
-0.19	-0.03	10.19	0.00	-16
-0.19	-0.01	10.19	0.00	-16
-0.19	-0.02	10.19	0.00	-17
-0.19	0.02	10.19	0.00	-15
-0.19	0.00	10.19	0.00	-15
-0.19	0.03	10.19	0.00	-12
-0.19	0.00	10.19	0.00	-12
-0.19	0.00	10.19	0.00	-12
-0.19	-0.01	10.19	0.00	-12
-0.19	0.02	10.19	0.00	-11
-0.19	0.01	10.19	0.00	-10
-0.19	0.03	10.19	0.00	-8
-0.19	0.02	10.19	0.00	-7
-0.19	0.03	10.19	0.00	-5
-0.19	0.01	10.19	0.00	-5
-0.18	0.02	10.19	0.00	-3
-0.18	0.02	10.19	0.00	-2
-0.18	0.02	10.19	0.00	-1
-0.18	0.02	10.19	0.00	0
-0.18	0.02	10.19	0.00	1
-0.18	0.02	10.19	0.00	3
-0.18	0.02	10.19	0.00	4
-0.18	0.01	10.19	0.00	4
-0.18	0.00	10.19	0.00	4
-0.18	0.01	10.19	0.00	5
-0.18	-0.01	10.19	0.00	5
-0.18	-0.00	10.19	0.00	5
-0.18	-0.01	10.19	0.00	5
-0.18	-0.00	10.19	0.00	5
-0.18	-0.02	10.19	0.00	4
-0.18	-0.02	10.19	0.00	3
-0.18	-0.03	10.19	0.00	2
-0.18	-0.04	10.19	0.00	0
-0.18	-0.04	10.19	0.00	0
-0.18	-0.04	10.19	0.00	-2
-0.18	-0.05	10.19	0.00	-4
-0.19	-0.06	10.19	0.00	-7
-0.19	-0.06	10.19	0.00	-10
-0.19	-0.07	10.19	0.00	-13
-0.19	-0.07	10.19	0.00	-17
-0.19	-0.09	10.19	0.00	-21
-0.20	-0.11	10.19	-0.00	-27
-0.20	-0.03	10.18	-0.01	-29
-0.19	0.25	10.16	-0.02	-19
-0.19	0.12	10.13	-0.03	-17
-0.19	-0.04	10.12	-0.01	-16
-0.19	-0.22	10.12	-0.00	-26
-0.20	-0.05	10.11	-0.01	-30
-0.19	0.18	10.09	-0.02	-23
-0.18	0.15	10.06	-0.03	-18
-0.19	-0.06	10.04	-0.02	-20
-0.19	-0.15	10.03	-0.01	-27
-0.19	0.05	10.01	-0.02	-25
-0.19	-0.02	9.99	-0.03	-29
-0.19	0.06	9.96	-0.03	-26
-0.19	-0.01	9.93	-0.03	-29
-0.19	0.07	9.91	-0.03	-25
-0.19	-0.01	9.88	-0.03	-26
-0.18	0.06	9.86	-0.03	-22
-0.19	-0.11	9.84	-0.02	-27
-0.19	0.03	9.82	-0.02	-25
-0.18	0.00	9.80	-0.02	-26
-0.19	-0.03	9.78	-0.02	-28
-0.19	-0.03	9.75	-0.02	-31
-0.18	0.13	9.72	-0.03	-26
-0.18	-0.05	9.70	-0.03	-29
-0.18	0.10	9.67	-0.03	-23
-0.18	-0.10	9.65	-0.03	-30
-0.18	-0.04	9.63	-0.02	-31
-0.18	0.04	9.60	-0.03	-31
-0.18	0.08	9.57	-0.03	-29
-0.18	-0.01	9.53	-0.03	-31
-0.18	-0.02	9.50	-0.03	-33
-0.18	0.18	9.46	-0.04	-26
-0.18	-0.03	9.43	-0.04	-30
-0.18	-0.01	9.39	-0.03	-29
-0.18	-0.01	9.36	-0.04	-31
-0.17	0.07	9.32	-0.04	-28
-0.17	0.04	9.29	-0.04	-28
-0.17	-0.03	9.25	-0.04	-30
-0.17	0.12	9.21	-0.04	-23
-0.17	-0.08	9.17	-0.04	-30
-0.17	0.15	9.14	-0.03	-19
-0.17	-0.05	9.11	-0.03	-23
-0.17	-0.05	9.08	-0.03	-24
-0.17	-0.04	9.06	-0.03	-27
-0.17	0.08	9.03	-0.03	-23
-0.17	-0.08	8.99	-0.03	-31
-0.17	0.07	8.96	-0.04	-28
-0.17	0.08	8.92	-0.04	-27
-0.16	0.19	8.88	-0.04	-17
-0.16	-0.13	8.85	-0.03	-22
-0.17	-0.23	8.83	-0.02	-33
-0.17	0.08	8.80	-0.03	-29
-0.16	0.20	8.76	-0.04	-22
-0.16	-0.08	8.72	-0.04	-29
-0.16	0.14	8.69	-0.03	-19
-0.16	-0.03	8.66	-0.03	-21
-0.17	-0.22	8.64	-0.02	-33
-0.16	0.16	8.61	-0.03	-25
-0.16	0.10	8.57	-0.04	-24
-0.16	0.04	8.54	-0.04	-23
-0.16	-0.00	8.51	-0.03	-21
-0.16	-0.02	8.48	-0.03	-21
-0.16	-0.11	8.46	-0.02	-28
-0.16	0.02	8.43	-0.03	-29
-0.15	0.28	8.39	-0.04	-16
-0.15	0.15	8.36	-0.03	-6
-0.15	-0.13	8.35	-0.01	-6
-0.17	-0.56	8.35	0.00	-36
-0.16	0.12	8.33	-0.02	-33
-0.15	0.43	8.28	-0.05	-19
-0.14	0.29	8.24	-0.04	-5
-0.15	-0.20	8.23	-0.01	-9
-0.17	-0.59	8.23	0.00	-37
-0.16	0.22	8.21	-0.02	-27
-0.15	0.40	8.17	-0.04	-13
-0.14	0.05	8.14	-0.03	-9
-0.15	-0.16	8.14	-0.01	-11
-0.16	-0.47	8.14	0.00	-35
-0.16	0.09	8.12	-0.02	-34
-0.14	0.52	8.07	-0.05	-14
-0.13	0.38	8.03	-0.04	6
-0.15	-0.51	8.03	-0.00	-16
-0.16	-0.41	8.03	0.00	-34
-0.16	-0.12	8.01	-0.02	-45
-0.14	0.66	7.95	-0.06	-19
-0.12	0.74	7.90	-0.05	18
-0.14	-0.76	7.89	-0.01	-17
-0.14	0.10	7.89	0.00	0
-0.14	-0.04	7.89	0.00	-2
-0.15	-0.30	7.89	0.00	-20
-0.16	-0.30	7.89	-0.01	-37
-0.15	0.43	7.86	-0.03	-16
-0.13	0.51	7.83	-0.03	6
-0.13	-0.01	7.83	-0.00	11
-0.14	-0.38	7.83	0.00	-9
-0.15	-0.20	7.83	0.00	-17
-0.15	0.02	7.82	-0.00	-15
-0.15	-0.05	7.82	-0.01	-19
-0.15	-0.17	7.82	-0.00	-27
-0.15	0.04	7.81	-0.01	-26
-0.15	0.23	7.78	-0.03	-19
-0.14	0.20	7.76	-0.02	-9
-0.14	0.14	7.75	-0.01	1
-0.14	-0.03	7.75	0.00	3
-0.14	-0.23	7.75	0.00	-10
-0.15	-0.32	7.75	0.00	-28
-0.15	0.04	7.73	-0.01	-27
-0.14	0.42	7.71	-0.03	-9
-0.13	0.37	7.69	-0.02	13
-0.13	-0.09	7.69	-0.00	10
-0.14	-0.19	7.69	0.00	0
-0.14	-0.25	7.69	0.00	-12
-0.14	-0.01	7.69	0.00	-10
-0.14	-0.00	7.69	0.00	-9
-0.14	0.03	7.69	0.00	-7
-0.14	-0.02	7.69	0.00	-8
-0.14	0.01	7.69	0.00	-7
-0.14	0.04	7.69	0.00	-5
-0.14	0.03	7.69	0.00	-3
-0.14	0.03	7.69	0.00	-1
-0.14	0.02	7.69	0.00	0
-0.14	0.02	7.69	0.00	0
-0.14	0.02	7.69	0.00	1
-0.14	0.01	7.69	0.00	2
-0.14	0.01	7.69	0.00	3
-0.14	0.00	7.69	0.00	3
-0.13	0.01	7.69	0.00	4
-0.13	-0.00	7.69	0.00	4
-0.13	0.01	7.69	0.00	5
-0.13	-0.01	7.69	0.00	5
-0.13	0.00	7.69	0.00	5
-0.13	-0.02	7.69	0.00	4
-0.13	-0.00	7.69	0.00	4
-0.13	-0.02	7.69	0.00	4
-0.13	-0.00	7.69	0.00	4
-0.14	-0.02	7.69	0.00	3
-0.14	-0.01	7.69	0.00	2
-0.14	-0.03	7.69	0.00	1
-0.14	-0.03	7.69	0.00	0
-0.14	-0.03	7.69	0.00	-1
-0.14	-0.03	7.69	0.00	-2
-0.14	-0.02	7.69	0.00	-2
-0.14	-0.03	7.69	0.00	-4
-0.14	-0.01	7.69	0.00	-4
-0.14	-0.04	7.69	0.00	-6
-0.14	-0.02	7.69	0.00	-7
-0.14	-0.05	7.69	0.00	-9
-0.14	-0.02	7.69	0.00	-9
-0.14	-0.06	7.69	0.00	-13
-0.14	-0.01	7.69	0.00	-13
-0.15	-0.06	7.69	0.00	-16
-0.15	0.02	7.69	0.00	-13
-0.15	-0.02	7.68	-0.00	-15
-0.15	0.00	7.68	0.00	-14
-0.15	-0.05	7.68	0.00	-17
-0.15	-0.00	7.68	0.00	-16
-0.15	-0.05	7.68	0.00	-19
-0.15	0.00	7.68	0.00	-18
-0.15	-0.04	7.68	0.00	-21
-0.15	0.01	7.68	0.00	-19
-0.15	-0.06	7.68	0.00	-23
-0.15	0.05	7.68	-0.00	-20
-0.14	0.17	7.66	-0.02	-16
-0.14	0.20	7.65	-0.01	-4
-0.14	0.04	7.65	-0.00	0
-0.14	-0.08	7.65	0.00	-4
-0.14	0.02	7.65	0.00	-2
-0.14	-0.10	7.65	0.00	-8
-0.14	0.01	7.65	0.00	-6
-0.14	-0.02	7.65	0.00	-7
-0.14	-0.01	7.65	0.00	-7
-0.14	-0.02	7.65	0.00	-8
-0.14	-0.02	7.65	0.00	-9
-0.14	0.04	7.65	0.00	-6
-0.14	-0.04	7.65	0.00	-9
-0.14	-0.04	7.65	0.00	-11
-0.14	-0.05	7.65	0.00	-13
-0.15	-0.04	7.65	0.00	-14
-0.15	-0.05	7.65	0.00	-17
-0.15	-0.04	7.65	0.00	-18
-0.15	-0.02	7.65	0.00	-19
-0.15	-0.02	7.65	0.00	-19
-0.15	-0.03	7.65	0.00	-20
-0.15	-0.03	7.65	0.00	-22
-0.15	-0.01	7.65	0.00	-22
-0.15	0.01	7.65	0.00	-20
-0.14	0.15	7.64	-0.01	-17
-0.14	0.10	7.63	-0.01	-12
-0.14	0.09	7.62	-0.01	-6
-0.14	-0.05	7.62	0.00	-7
-0.14	-0.01	7.62	0.00	-7
-0.14	-0.05	7.62	0.00	-9
-0.14	-0.00	7.62	0.00	-9
-0.14	0.00	7.62	0.00	-8
-0.14	0.01	7.62	0.00	-8
-0.14	-0.00	7.62	0.00	-8
-0.14	0.03	7.62	0.00	-6
-0.14	0.00	7.62	0.00	-5
-0.14	0.02	7.62	0.00	-4
-0.14	-0.03	7.62	0.00	-6
-0.14	-0.02	7.62	0.00	-7
-0.14	-0.04	7.62	0.00	-9
-0.14	0.00	7.62	0.00	-8
-0.14	-0.03	7.62	0.00	-10
-0.14	-0.00	7.62	0.00	-9
-0.14	-0.04	7.62	0.00	-12
-0.14	-0.00	7.62	0.00	-11
-0.14	-0.05	7.62	0.00	-14
-0.14	0.02	7.62	-0.00	-13
-0.14	-0.03	7.62	-0.00	-15
-0.15	-0.05	7.62	0.00	-16
-0.15	-0.07	7.62	0.00	-20
-0.15	-0.05	7.62	0.00	-22
-0.15	-0.07	7.61	-0.00	-26
-0.15	0.17	7.60	-0.01	-19
-0.14	0.09	7.59	-0.02	-17
-0.14	0.15	7.57	-0.01	-8
-0.14	-0.08	7.57	-0.00	-11
-0.15	-0.22	7.57	0.00	-22
-0.15	-0.01	7.57	-0.01	-23
-0.14	0.09	7.55	-0.01	-20
-0.14	0.26	7.53	-0.02	-8
-0.13	0.15	7.53	-0.01	2
-0.13	-0.00	7.53	0.00	4
-0.14	-0.15	7.53	0.00	-4
-0.13	0.05	7.53	0.00	0
-0.14	-0.06	7.53	0.00	-3
-0.14	-0.04	7.53	0.00	-5
-0.13	0.08	7.53	0.00	0
-0.14	-0.07	7.53	0.00	-4
-0.13	0.08	7.53	0.00	1
-0.13	0.05	7.53	0.00	3
-0.13	0.07	7.53	0.00	7
-0.13	0.09	7.53	0.00	12
-0.13	0.07	7.53	0.00	16
-0.12	0.09	7.53	0.00	21
-0.12	0.04	7.53	0.01	25
-0.12	0.06	7.55	0.02	33
-0.13	-0.28	7.58	0.04	24
-0.15	-0.63	7.62	0.03	-10
-0.14	0.23	7.62	0.01	0
-0.13	0.18	7.62	0.00	5
-0.14	-0.05	7.62	0.00	0
-0.13	0.08	7.62	0.00	5
-0.13	0.11	7.62	0.00	11
-0.13	-0.04	7.62	0.00	8
-0.13	-0.11	7.62	0.00	2
-0.14	-0.04	7.62	0.00	1
-0.13	0.05	7.62	0.00	4
-0.14	-0.12	7.62	0.00	-2
-0.14	-0.02	7.62	0.00	-3
-0.14	-0.10	7.62	0.00	-8
-0.14	-0.06	7.62	0.00	-11
-0.14	-0.03	7.62	0.00	-11
-0.15	-0.07	7.62	0.00	-15
-0.15	-0.12	7.62	-0.00	-23
-0.15	-0.16	7.62	-0.00	-32
-0.15	0.26	7.59	-0.02	-23
-0.14	0.27	7.57	-0.03	-11
-0.13	0.09	7.55	-0.01	-4
-0.14	-0.09	7.55	0.00	-4
-0.14	-0.22	7.55	0.00	-16
-0.15	-0.38	7.55	-0.00	-39
-0.14	0.41	7.53	-0.02	-17
-0.13	0.54	7.50	-0.03	8
-0.13	-0.14	7.49	-0.01	2
-0.14	-0.23	7.49	0.00	-7
-0.14	-0.07	7.49	0.00	-8
-0.14	-0.17	7.49	0.00	-18
-0.14	-0.01	7.49	-0.00	-18
-0.14	-0.03	7.48	-0.00	-19
-0.14	0.14	7.48	-0.00	-11
-0.14	-0.01	7.48	0.00	-11
-0.14	-0.03	7.48	0.00	-12
-0.14	0.05	7.48	0.00	-9
-0.14	0.03	7.48	0.00	-8
-0.14	0.03	7.48	0.00	-6
-0.14	0.02	7.48	0.00	-5
-0.14	0.04	7.48	0.00	-2
-0.14	0.01	7.48	0.00	-2
-0.13	0.07	7.48	0.00	2
-0.13	0.06	7.48	0.00	5
-0.13	0.11	7.48	0.00	11
-0.12	0.11	7.48	0.00	17
-0.12	0.16	7.48	0.00	26
-0.12	0.09	7.50	0.02	37
-0.13	-0.48	7.53	0.04	17
-0.15	-0.56	7.56	0.03	-12
-0.13	0.41	7.57	0.00	7
-0.13	0.08	7.57	0.00	7
-0.13	0.12	7.57	0.00	13
-0.12	0.18	7.57	0.00	22
-0.11	0.33	7.58	0.01	45
-0.14	-0.79	7.62	0.04	7
-0.16	-0.69	7.65	0.03	-29
-0.14	0.70	7.64	-0.01	6
-0.12	0.51	7.64	-0.01	30
-0.12	-0.10	7.65	0.01	27
-0.13	-0.21	7.68	0.03	22
-0.14	-0.34	7.71	0.03	6
-0.13	0.19	7.72	0.01	13
-0.13	0.21	7.72	0.00	20
-0.12	0.30	7.73	0.01	40
-0.12	-0.15	7.75	0.02	35
-0.14	-0.45	7.80	0.05	21
-0.15	-0.54	7.84	0.04	-7
-0.14	0.47	7.85	0.01	14
-0.12	0.52	7.85	0.00	38
-0.13	-0.22	7.88	0.02	29
-0.14	-0.49	7.92	0.05	11
-0.16	-0.50	7.95	0.03	-20
-0.14	0.52	7.95	-0.00	5
-0.13	0.34	7.94	-0.00	21
-0.13	-0.05	7.95	0.01	17
-0.14	-0.12	7.96	0.01	12
-0.13	0.08	7.96	0.00	16
-0.13	0.13	7.96	0.00	22
-0.13	0.12	7.97	0.00	30
-0.13	-0.22	7.99	0.02	21
-0.15	-0.47	8.01	0.03	0
-0.14	0.14	8.02	0.01	7
-0.14	0.04	8.02	0.00	5
-0.14	-0.07	8.02	0.00	0
-0.15	-0.19	8.02	0.00	-10
-0.15	0.02	8.02	-0.00	-7
-0.15	-0.16	8.02	0.00	-16
-0.16	-0.30	8.01	-0.00	-33
-0.16	-0.01	8.00	-0.02	-37
-0.15	0.45	7.96	-0.04	-20
-0.14	0.39	7.92	-0.04	-2
-0.14	-0.25	7.91	-0.01	-9
-0.16	-0.48	7.91	0.00	-32
-0.15	0.16	7.89	-0.02	-23
-0.15	0.08	7.86	-0.03	-26
-0.14	0.27	7.84	-0.03	-10
-0.14	0.09	7.82	-0.02	-3
-0.15	-0.35	7.82	0.00	-19
-0.17	-0.58	7.82	-0.01	-53
-0.14	0.77	7.78	-0.04	-14
-0.13	0.51	7.73	-0.05	5
-0.15	-0.68	7.73	-0.01	-26
-0.15	0.02	7.72	-0.01	-19
-0.15	-0.11	7.70	-0.02	-29
-0.16	-0.21	7.67	-0.02	-44
-0.14	0.37	7.63	-0.05	-30
-0.13	0.62	7.57	-0.06	-2
-0.12	0.12	7.54	-0.03	10
-0.14	-0.69	7.55	0.00	-21
-0.16	-0.50	7.54	-0.01	-48
-0.14	0.45	7.50	-0.04	-27
-0.13	0.34	7.45	-0.06	-21
-0.13	0.06	7.41	-0.04	-15
-0.13	0.03	7.39	-0.02	-7
-0.15	-0.54	7.39	-0.00	-33
-0.15	-0.09	7.37	-0.02	-38
-0.15	0.06	7.33	-0.04	-45
-0.13	0.74	7.26	-0.06	-11
-0.12	0.13	7.22	-0.04	-4
-0.14	-0.57	7.21	-0.00	-24
-0.15	-0.43	7.20	-0.01	-46
-0.14	0.30	7.17	-0.04	-34
-0.14	0.10	7.12	-0.05	-37
-0.13	0.15	7.08	-0.04	-30
-0.13	0.12	7.03	-0.05	-26
-0.13	-0.09	7.00	-0.03	-27
-0.14	-0.41	6.98	-0.02	-47
-0.14	0.20	6.95	-0.03	-36
-0.13	0.20	6.90	-0.05	-33
-0.13	-0.04	6.87	-0.03	-32
-0.14	-0.25	6.84	-0.03	-45
-0.14	-0.03	6.81	-0.03	-46
-0.14	0.12	6.77	-0.05	-47
-0.12	0.46	6.70	-0.07	-30
-0.12	0.06	6.65	-0.05	-28
-0.13	-0.30	6.62	-0.03	-37
-0.14	-0.43	6.59	-0.03	-60
-0.14	0.21	6.54	-0.05	-54
-0.12	0.45	6.46	-0.08	-41
-0.11	0.28	6.38	-0.08	-33
-0.12	-0.13	6.33	-0.05	-35
-0.13	-0.25	6.30	-0.03	-40
-0.14	-0.40	6.27	-0.03	-60
-0.13	0.20	6.22	-0.05	-54
-0.12	0.47	6.14	-0.08	-43
-0.11	0.32	6.05	-0.08	-31
-0.11	-0.07	6.00	-0.06	-31
-0.11	-0.13	5.95	-0.05	-35
-0.12	-0.21	5.90	-0.04	-46
-0.12	0.10	5.85	-0.06	-44
-0.11	0.15	5.78	-0.07	-43
-0.10	0.25	5.69	-0.08	-38
-0.10	0.05	5.62	-0.08	-37
-0.10	0.05	5.55	-0.07	-35
-0.10	-0.03	5.47	-0.07	-39
-0.10	0.05	5.40	-0.07	-37
-0.10	0.04	5.33	-0.07	-37
-0.10	0.02	5.26	-0.07	-39
-0.09	0.13	5.19	-0.07	-34
-0.09	0.04	5.12	-0.07	-33
-0.09	0.04	5.05	-0.06	-30
-0.09	-0.06	4.99	-0.06	-34
-0.10	-0.07	4.94	-0.06	-38
-0.10	-0.02	4.87	-0.06	-43
-0.09	0.26	4.80	-0.07	-33
-0.08	0.41	4.73	-0.07	-13
-0.08	-0.23	4.68	-0.04	-20
-0.09	-0.25	4.66	-0.02	-24
-0.10	-0.41	4.63	-0.03	-48
-0.10	0.16	4.58	-0.05	-46
-0.07	0.90	4.50	-0.08	-6
-0.04	0.83	4.45	-0.05	45
-0.08	-1.03	4.47	0.02	2
-0.11	-1.05	4.50	0.02	-48
-0.09	0.66	4.47	-0.03	-17
-0.07	0.43	4.43	-0.04	-4
-0.08	-0.10	4.42	-0.01	-3
-0.09	-0.50	4.42	0.00	-28
-0.09	0.11	4.40	-0.01	-21
-0.09	0.07	4.38	-0.03	-23
-0.08	0.20	4.36	-0.02	-11
-0.08	0.17	4.34	-0.01	0
-0.07	0.09	4.34	0.00	9
-0.07	-0.00	4.34	0.00	8
-0.07	-0.04	4.34	0.00	6
-0.07	0.05	4.34	0.00	9
-0.07	0.12	4.34	0.00	16
-0.06	0.23	4.35	0.00	30
-0.06	-0.06	4.36	0.01	29
-0.07	-0.10	4.39	0.03	31
-0.07	-0.29	4.43	0.04	20
-0.08	-0.28	4.46	0.03	3
-0.07	0.30	4.47	0.01	17
