-0.00,-0.04,0.00,0.00,0
-0.00,-0.02,0.00,0.00,-1
-0.00,-0.01,0.00,0.00,-1
-0.00,-0.01,0.00,0.00,-1
-0.00,0.00,0.00,0.00,0
-0.00,0.02,0.00,0.00,0
0.00,0.06,0.00,0.00,1
0.00,0.08,0.00,0.00,2
0.00,0.08,0.00,0.00,4
0.00,0.12,0.00,0.00,5
0.00,0.16,0.00,0.00,8
0.00,0.19,0.00,0.00,10
0.00,0.24,0.00,0.00,14
0.00,0.26,0.00,0.00,17
0.01,0.24,0.00,0.00,19
0.01,0.24,0.00,0.00,21
0.01,0.22,0.00,0.00,22
0.01,0.27,0.01,0.01,25
0.01,0.27,0.03,0.01,27
0.01,0.18,0.04,0.01,28
0.01,0.09,0.04,0.00,26
0.01,0.09,0.07,0.03,25
0.01,0.10,0.10,0.03,25
0.01,0.10,0.13,0.03,25
0.01,0.04,0.15,0.01,25
0.01,-0.02,0.18,0.03,23
0.01,-0.00,0.20,0.03,22
0.01,-0.00,0.23,0.03,22
0.01,0.00,0.26,0.03,22
0.01,-0.08,0.28,0.01,21
0.01,-0.18,0.31,0.03,17
0.01,-0.19,0.34,0.03,14
0.01,-0.15,0.37,0.03,12
0.01,-0.17,0.37,0.00,10
0.01,-0.17,0.39,0.03,9
0.01,-0.20,0.39,0.00,7
0.01,-0.19,0.39,0.00,6
0.01,-0.15,0.39,0.00,5
0.01,-0.11,0.39,0.00,5
0.00,-0.11,0.39,0.00,5
0.00,-0.11,0.39,0.00,5
0.00,-0.11,0.39,0.00,4
0.00,-0.10,0.39,0.00,4
0.00,-0.08,0.39,0.00,4
0.00,-0.07,0.39,0.00,4
0.00,-0.05,0.39,0.00,4
0.00,-0.01,0.39,0.00,5
0.00,-0.01,0.39,0.00,5
0.00,-0.00,0.39,0.00,6
0.00,0.01,0.39,0.00,7
0.00,0.01,0.39,0.00,7
0.00,-0.01,0.39,0.00,7
0.00,-0.01,0.39,0.00,6
0.00,-0.00,0.39,0.00,6
0.00,0.01,0.39,0.00,7
0.00,-0.02,0.39,0.00,6
0.00,-0.04,0.39,0.00,5
0.00,-0.08,0.39,0.00,4
0.00,-0.08,0.39,0.00,2
0.00,-0.21,0.39,0.00,-1
-0.00,-0.33,0.39,0.00,-7
-0.00,-0.51,0.39,0.00,-15
-0.01,-0.72,0.39,0.00,-28
-0.01,-0.87,0.39,0.00,-41
-0.01,-0.93,0.39,0.00,-53
-0.02,-0.93,0.38,-0.01,-63
-0.02,-0.95,0.35,-0.03,-71
-0.02,-0.98,0.31,-0.04,-80
-0.03,-1.01,0.25,-0.06,-88
-0.03,-0.96,0.18,-0.07,-96
-0.04,-0.89,0.09,-0.09,-101
-0.04,-0.89,0.00,-0.09,-107
-0.04,-0.68,-0.13,-0.13,-109
-0.04,-0.19,-0.26,-0.13,-101
-0.04,0.35,-0.41,-0.15,-83
-0.04,0.61,-0.58,-0.18,-64
-0.04,0.58,-0.76,-0.18,-51
-0.03,0.58,-0.91,-0.15,-44
-0.03,0.85,-1.05,-0.15,-33
-0.02,1.43,-1.17,-0.12,-12
-0.02,1.84,-1.29,-0.12,15
-0.01,1.87,-1.40,-0.12,40
-0.00,1.79,-1.46,-0.06,58
0.00,1.79,-1.52,-0.06,72
0.01,1.56,-1.53,-0.01,79
0.02,1.06,-1.52,0.01,76
0.02,0.52,-1.48,0.04,64
0.02,0.03,-1.42,0.06,45
0.02,-0.53,-1.34,0.07,20
0.01,-0.53,-1.29,0.06,3
0.01,-0.98,-1.23,0.06,-17
0.00,-1.29,-1.18,0.04,-39
-0.00,-1.56,-1.17,0.01,-62
-0.01,-1.79,-1.17,0.00,-86
-0.02,-1.63,-1.18,-0.01,-102
-0.02,-1.63,-1.23,-0.04,-116
-0.03,-1.10,-1.29,-0.06,-116
-0.03,-0.71,-1.39,-0.10,-108
-0.03,-0.50,-1.52,-0.13,-100
-0.03,-0.07,-1.65,-0.13,-87
-0.03,0.28,-1.81,-0.16,-72
-0.03,0.28,-1.97,-0.16,-62
-0.03,0.32,-2.13,-0.16,-55
-0.03,0.34,-2.28,-0.15,-51
-0.03,0.43,-2.43,-0.15,-46
-0.02,0.60,-2.56,-0.13,-39
-0.02,0.78,-2.69,-0.13,-28
-0.02,0.78,-2.81,-0.12,-19
-0.01,0.97,-2.92,-0.12,-8
-0.01,1.15,-3.01,-0.09,5
-0.00,1.19,-3.10,-0.09,17
0.00,1.01,-3.17,-0.07,24
0.00,0.73,-3.20,-0.03,24
0.01,0.73,-3.23,-0.03,24
0.01,0.27,-3.23,0.00,16
0.01,-0.14,-3.24,-0.01,2
0.01,-0.37,-3.24,0.00,-12
0.00,-0.44,-3.24,0.00,-25
0.00,-0.48,-3.24,0.00,-34
0.00,-0.48,-3.24,0.00,-39
-0.00,-0.46,-3.26,-0.01,-43
-0.00,-0.50,-3.29,-0.03,-48
-0.01,-0.61,-3.30,-0.01,-54
-0.01,-0.70,-3.35,-0.04,-62
-0.01,-0.69,-3.40,-0.06,-70
-0.01,-0.69,-3.46,-0.06,-76
-0.02,-0.71,-3.54,-0.07,-83
-0.02,-0.78,-3.62,-0.09,-90
-0.02,-0.50,-3.74,-0.12,-91
-0.02,0.04,-3.86,-0.12,-81
-0.02,0.34,-3.97,-0.12,-66
-0.02,0.30,-4.12,-0.15,-56
-0.02,0.30,-4.27,-0.15,-50
-0.02,0.23,-4.40,-0.13,-49
-0.02,0.31,-4.51,-0.12,-47
-0.01,0.35,-4.66,-0.15,-45
-0.01,0.25,-4.78,-0.12,-44
-0.01,0.25,-4.88,-0.10,-44
-0.01,0.10,-5.00,-0.12,-46
-0.01,0.11,-5.10,-0.10,-48
-0.01,0.19,-5.22,-0.12,-48
-0.01,0.28,-5.32,-0.10,-45
-0.01,0.33,-5.41,-0.09,-40
-0.01,0.34,-5.49,-0.09,-37
-0.01,0.34,-5.58,-0.09,-34
-0.00,0.37,-5.67,-0.09,-31
-0.00,0.31,-5.74,-0.07,-29
-0.00,0.32,-5.82,-0.07,-28
-0.00,0.34,-5.89,-0.07,-26
0.00,0.23,-5.96,-0.07,-26
0.00,0.23,-6.02,-0.06,-26
0.00,-0.02,-6.08,-0.06,-31
0.00,-0.21,-6.14,-0.06,-40
-0.00,-0.24,-6.17,-0.03,-46
-0.00,-0.18,-6.22,-0.06,-51
-0.00,-0.28,-6.27,-0.04,-55
-0.00,-0.28,-6.33,-0.06,-58
-0.01,-0.42,-6.40,-0.07,-64
-0.01,-0.37,-6.49,-0.09,-69
-0.01,-0.17,-6.56,-0.07,-68
-0.01,-0.06,-6.66,-0.10,-66
-0.01,-0.13,-6.75,-0.09,-65
-0.01,-0.13,-6.87,-0.12,-65
-0.01,-0.10,-6.98,-0.12,-66
-0.01,0.09,-7.10,-0.12,-64
-0.01,0.21,-7.20,-0.10,-59
-0.01,0.19,-7.33,-0.13,-55
-0.01,0.11,-7.45,-0.12,-54
-0.01,0.11,-7.57,-0.12,-55
-0.01,0.11,-7.70,-0.13,-56
-0.01,0.14,-7.83,-0.13,-56
-0.00,0.04,-7.95,-0.12,-57
-0.01,-0.02,-8.07,-0.12,-60
-0.00,0.04,-8.20,-0.13,-61
-0.00,0.04,-8.31,-0.12,-62
-0.00,0.12,-8.43,-0.12,-60
-0.00,0.04,-8.56,-0.13,-61
-0.00,0.10,-8.66,-0.10,-60
-0.00,0.38,-8.78,-0.12,-54
0.00,0.59,-8.91,-0.13,-44
0.00,0.59,-9.02,-0.10,-35
0.00,0.49,-9.15,-0.13,-30
0.01,0.27,-9.25,-0.10,-33
0.01,0.24,-9.35,-0.10,-36
0.01,0.32,-9.44,-0.09,-35
0.01,0.25,-9.53,-0.09,-36
0.01,0.25,-9.63,-0.10,-35
0.01,0.06,-9.70,-0.07,-38
0.01,-0.11,-9.79,-0.09,-44
0.01,-0.09,-9.85,-0.06,-49
0.01,-0.06,-9.94,-0.09,-52
0.01,-0.13,-10.01,-0.07,-54
0.01,-0.13,-10.11,-0.10,-56
0.01,-0.20,-10.20,-0.09,-60
0.01,-0.14,-10.29,-0.09,-62
0.01,-0.08,-10.39,-0.10,-62
0.01,-0.10,-10.49,-0.10,-63
0.01,-0.12,-10.61,-0.12,-64
0.01,0.02,-10.71,-0.10,-63
0.01,0.01,-10.83,-0.12,-62
0.01,0.06,-10.96,-0.13,-61
0.01,-0.00,-11.08,-0.12,-62
0.01,-0.04,-11.19,-0.12,-64
0.01,0.08,-11.34,-0.15,-63
0.01,0.22,-11.47,-0.13,-60
0.01,0.25,-11.60,-0.13,-56
0.01,0.28,-11.73,-0.13,-52
0.01,0.26,-11.86,-0.13,-50
0.01,0.39,-12.00,-0.13,-46
0.01,0.55,-12.10,-0.10,-39
0.02,0.55,-12.23,-0.13,-32
0.02,0.51,-12.33,-0.10,-28
0.02,0.38,-12.43,-0.10,-27
0.02,0.33,-12.54,-0.10,-28
0.02,0.31,-12.61,-0.07,-29
0.02,0.24,-12.71,-0.10,-30
0.02,0.07,-12.79,-0.07,-34
0.02,0.07,-12.86,-0.07,-37
0.02,-0.09,-12.93,-0.07,-42
0.02,-0.14,-13.00,-0.07,-47
0.02,-0.24,-13.08,-0.07,-53
0.02,-0.33,-13.14,-0.06,-60
0.02,-0.33,-13.22,-0.09,-65
0.02,-0.31,-13.31,-0.09,-69
0.02,-0.14,-13.41,-0.10,-68
0.02,-0.01,-13.53,-0.12,-65
0.02,-0.06,-13.63,-0.10,-64
0.02,-0.04,-13.75,-0.12,-63
0.02,0.16,-13.88,-0.13,-59
0.02,0.16,-14.00,-0.12,-57
0.02,0.25,-14.13,-0.13,-52
0.02,0.14,-14.26,-0.13,-52
0.02,-0.01,-14.38,-0.12,-56
0.02,0.02,-14.51,-0.13,-58
0.02,0.14,-14.63,-0.12,-58
0.02,0.14,-14.74,-0.12,-56
0.02,0.19,-14.87,-0.13,-54
0.02,0.14,-15.01,-0.13,-54
0.02,0.19,-15.14,-0.13,-53
0.02,0.27,-15.25,-0.12,-50
0.02,0.29,-15.39,-0.13,-47
0.03,0.29,-15.49,-0.10,-45
0.03,0.23,-15.61,-0.12,-44
0.03,0.28,-15.72,-0.12,-43
0.03,0.40,-15.84,-0.12,-39
0.03,0.35,-15.94,-0.10,-36
0.03,0.23,-16.04,-0.10,-36
0.03,0.23,-16.15,-0.10,-37
0.03,0.21,-16.23,-0.09,-37
0.03,0.21,-16.32,-0.09,-37
0.03,0.17,-16.42,-0.10,-38
0.03,0.05,-16.51,-0.09,-40
0.03,-0.04,-16.58,-0.07,-44
0.03,-0.04,-16.67,-0.09,-48
0.03,-0.01,-16.74,-0.07,-49
0.03,-0.06,-16.85,-0.10,-51
0.03,-0.09,-16.93,-0.09,-53
0.03,-0.04,-17.04,-0.10,-54
0.03,0.12,-17.12,-0.09,-52
0.03,0.12,-17.23,-0.10,-49
0.03,0.15,-17.33,-0.10,-47
0.04,0.08,-17.45,-0.12,-47
0.04,0.00,-17.53,-0.09,-49
0.04,0.10,-17.64,-0.10,-49
0.04,0.19,-17.74,-0.10,-47
0.04,0.19,-17.84,-0.10,-45
0.04,0.13,-17.96,-0.12,-44
0.04,0.05,-18.06,-0.10,-46
0.04,0.04,-18.16,-0.10,-48
0.04,0.05,-18.25,-0.09,-50
0.04,0.03,-18.38,-0.13,-51
0.04,0.03,-18.47,-0.09,-51
0.04,0.01,-18.57,-0.10,-53
0.04,0.07,-18.67,-0.10,-52
0.04,0.20,-18.79,-0.12,-49
0.04,0.16,-18.89,-0.10,-47
0.04,0.11,-18.99,-0.10,-47
0.04,0.11,-19.11,-0.12,-47
0.04,0.09,-19.21,-0.10,-48
0.04,0.10,-19.32,-0.10,-49
0.04,0.08,-19.43,-0.12,-50
0.04,-0.05,-19.54,-0.10,-53
0.04,-0.07,-19.64,-0.10,-56
0.04,0.07,-19.75,-0.12,-56
0.04,0.07,-19.86,-0.10,-55
0.04,0.21,-19.97,-0.12,-51
0.04,0.26,-20.09,-0.12,-47
0.04,0.22,-20.19,-0.10,-45
0.05,0.31,-20.32,-0.13,-42
0.05,0.31,-20.43,-0.10,-39
0.05,0.33,-20.54,-0.12,-37
0.05,0.29,-20.65,-0.10,-35
0.05,0.25,-20.75,-0.10,-35
0.05,0.28,-20.84,-0.09,-34
0.05,0.30,-20.92,-0.09,-33
0.05,0.30,-21.03,-0.10,-31
0.05,0.25,-21.10,-0.07,-30
0.05,0.18,-21.19,-0.09,-31
0.06,0.20,-21.26,-0.07,-31
0.06,0.23,-21.33,-0.07,-30
0.06,0.20,-21.41,-0.07,-30
0.06,0.13,-21.48,-0.07,-30
0.06,0.13,-21.54,-0.06,-31
0.06,0.12,-21.61,-0.07,-32
0.06,0.12,-21.67,-0.06,-32
0.06,0.09,-21.74,-0.07,-32
0.06,-0.01,-21.80,-0.06,-35
0.06,-0.02,-21.87,-0.07,-37
0.06,-0.02,-21.93,-0.06,-39
0.06,-0.04,-21.99,-0.06,-40
0.06,-0.07,-22.06,-0.07,-42
0.06,-0.17,-22.14,-0.07,-46
0.06,-0.25,-22.21,-0.07,-51
0.06,-0.22,-22.30,-0.09,-55
0.05,-0.22,-22.37,-0.07,-58
0.05,-0.25,-22.46,-0.09,-61
0.05,-0.36,-22.56,-0.10,-66
0.05,-0.40,-22.66,-0.10,-72
0.05,-0.11,-22.76,-0.10,-71
0.05,0.37,-22.88,-0.12,-60
0.05,0.37,-23.00,-0.12,-50
0.06,0.61,-23.13,-0.13,-37
0.06,0.62,-23.26,-0.13,-28
0.06,0.66,-23.39,-0.13,-21
0.06,0.66,-23.50,-0.10,-16
0.06,0.61,-23.58,-0.09,-12
0.07,0.61,-23.69,-0.10,-9
0.07,0.57,-23.74,-0.06,-7
0.07,0.56,-23.82,-0.07,-4
0.07,0.43,-23.86,-0.04,-4
0.07,0.09,-23.90,-0.04,-10
0.07,-0.32,-23.95,-0.04,-25
0.07,-0.32,-23.98,-0.03,-36
0.07,-0.49,-24.01,-0.03,-47
0.07,-0.52,-24.05,-0.04,-56
0.06,-0.56,-24.09,-0.04,-63
0.06,-0.68,-24.17,-0.07,-72
0.06,-0.69,-24.23,-0.06,-79
0.06,-0.69,-24.31,-0.09,-86
0.05,-0.42,-24.40,-0.09,-87
0.05,0.10,-24.52,-0.12,-76
0.06,0.51,-24.65,-0.13,-58
0.06,0.72,-24.80,-0.15,-40
0.06,0.81,-24.93,-0.13,-25
0.07,0.81,-25.09,-0.16,-16
0.07,0.78,-25.19,-0.10,-9
0.07,0.71,-25.29,-0.10,-6
0.07,0.68,-25.38,-0.09,-4
0.08,0.69,-25.45,-0.07,0
0.08,0.67,-25.51,-0.06,2
0.08,0.67,-25.57,-0.06,6
0.08,0.54,-25.60,-0.03,8
0.09,0.20,-25.61,-0.01,2
0.08,-0.22,-25.63,-0.01,-10
0.08,-0.49,-25.63,0.00,-27
0.08,-0.52,-25.64,-0.01,-40
0.08,-0.38,-25.67,-0.03,-45
0.08,-0.51,-25.67,0.00,-51
0.07,-0.46,-25.72,-0.04,-54
0.07,-0.40,-25.76,-0.04,-57
0.07,-0.46,-25.82,-0.06,-61
0.07,-0.49,-25.88,-0.06,-65
0.07,-0.49,-25.98,-0.10,-70
0.07,-0.11,-26.07,-0.09,-67
0.07,0.45,-26.15,-0.09,-52
0.07,0.68,-26.29,-0.13,-34
0.07,0.57,-26.39,-0.10,-23
0.07,0.55,-26.49,-0.10,-16
0.08,0.59,-26.58,-0.09,-12
0.08,0.59,-26.67,-0.09,-9
0.08,0.56,-26.74,-0.07,-6
0.08,0.50,-26.80,-0.06,-4
0.09,0.49,-26.86,-0.06,-2
0.09,0.50,-26.89,-0.03,0
0.09,0.43,-26.93,-0.04,1
0.09,0.43,-26.94,-0.01,3
0.09,0.22,-26.94,0.00,1
0.09,-0.12,-26.96,-0.01,-7
0.09,-0.45,-26.96,0.00,-22
0.09,-0.62,-26.96,0.00,-37
0.08,-0.62,-26.97,-0.01,-48
0.08,-0.74,-26.99,-0.01,-58
0.08,-0.87,-27.02,-0.03,-69
0.07,-0.85,-27.09,-0.07,-79
0.07,-0.68,-27.15,-0.06,-83
0.07,-0.36,-27.24,-0.09,-80
0.07,0.09,-27.35,-0.12,-68
0.07,0.09,-27.45,-0.10,-59
0.07,0.51,-27.57,-0.12,-44
0.07,0.63,-27.70,-0.13,-32
0.08,0.52,-27.82,-0.12,-25
0.08,0.45,-27.94,-0.12,-22
0.08,0.52,-28.04,-0.10,-20
0.08,0.52,-28.13,-0.09,-17
0.08,0.51,-28.20,-0.07,-14
0.09,0.30,-28.27,-0.07,-15
0.09,0.14,-28.33,-0.06,-20
0.09,0.11,-28.39,-0.06,-24
0.09,0.12,-28.42,-0.03,-26
0.09,0.12,-28.48,-0.06,-26
0.09,0.08,-28.51,-0.03,-27
0.09,0.04,-28.54,-0.03,-28
0.09,0.06,-28.58,-0.04,-28
0.09,0.13,-28.61,-0.03,-27
0.09,0.16,-28.65,-0.04,-25
0.09,0.16,-28.70,-0.04,-23
0.09,0.13,-28.73,-0.03,-23
0.09,0.12,-28.77,-0.04,-23
0.09,0.14,-28.80,-0.03,-22
0.09,0.16,-28.83,-0.03,-21
0.09,0.13,-28.86,-0.03,-20
0.09,0.13,-28.87,-0.01,-20
0.09,0.11,-28.90,-0.03,-20
0.09,0.10,-28.92,-0.01,-20
0.09,0.08,-28.93,-0.01,-20
0.09,0.00,-28.95,-0.01,-22
0.09,-0.03,-28.96,-0.01,-24
0.09,-0.03,-28.99,-0.03,-26
0.09,-0.01,-29.00,-0.01,-26
0.09,0.03,-29.02,-0.01,-26
0.09,0.01,-29.03,-0.01,-26
0.09,-0.02,-29.05,-0.01,-26
0.09,0.00,-29.06,-0.01,-27
0.09,0.00,-29.08,-0.01,-27
0.09,0.03,-29.09,-0.01,-26
0.09,0.01,-29.11,-0.01,-27
0.09,-0.04,-29.14,-0.03,-28
0.09,-0.02,-29.15,-0.01,-29
0.09,0.04,-29.16,-0.01,-28
0.09,0.04,-29.21,-0.04,-28
0.09,0.05,-29.22,-0.01,-27
0.09,0.04,-29.24,-0.01,-27
0.09,0.05,-29.27,-0.03,-26
0.09,0.07,-29.28,-0.01,-26
0.09,0.06,-29.30,-0.01,-25
0.09,0.06,-29.33,-0.03,-25
0.09,0.02,-29.34,-0.01,-26
0.09,0.02,-29.35,-0.01,-27
0.09,0.09,-29.37,-0.01,-26
0.09,0.12,-29.41,-0.04,-24
0.09,0.06,-29.43,-0.01,-24
0.09,-0.08,-29.44,-0.01,-27
0.09,0.05,-29.46,-0.01,-27
0.09,0.08,-29.49,-0.03,-26
0.09,0.12,-29.50,-0.01,-24
0.09,0.11,-29.52,-0.01,-22
0.09,0.12,-29.53,-0.01,-21
0.09,0.12,-29.54,-0.01,-20
0.09,0.18,-29.56,-0.01,-18
0.10,0.23,-29.57,-0.01,-16
0.10,0.22,-29.59,-0.01,-13
0.10,0.24,-29.60,-0.01,-11
0.10,0.28,-29.62,-0.01,-8
0.10,0.28,-29.62,0.00,-6
0.10,0.32,-29.63,-0.01,-2
0.10,0.31,-29.63,0.00,0
0.10,0.32,-29.63,0.00,2
0.10,0.33,-29.63,0.00,4
0.11,0.35,-29.63,0.00,7
0.11,0.36,-29.63,0.00,10
0.11,0.36,-29.63,0.00,13
0.11,0.37,-29.63,0.00,15
0.11,0.39,-29.63,0.00,18
0.11,0.36,-29.62,0.01,21
0.11,0.34,-29.62,0.00,23
0.11,0.34,-29.60,0.01,24
0.12,0.38,-29.60,0.00,27
0.12,0.41,-29.57,0.03,31
0.12,0.39,-29.57,0.00,34
0.12,0.44,-29.54,0.03,38
0.12,0.53,-29.52,0.03,44
0.12,0.53,-29.49,0.03,49
0.13,0.53,-29.44,0.04,54
0.13,0.44,-29.38,0.06,56
0.13,0.38,-29.35,0.03,57
0.13,0.25,-29.30,0.06,56
0.13,-0.16,-29.24,0.06,46
0.13,-0.73,-29.18,0.06,26
0.12,-0.69,-29.11,0.07,11
0.12,-0.83,-29.05,0.06,-3
0.12,-0.69,-29.00,0.04,-10
0.11,-0.54,-28.97,0.03,-11
0.11,-0.44,-28.95,0.03,-10
0.11,-0.33,-28.95,0.00,-8
0.11,-0.33,-28.95,0.00,-7
0.11,-0.16,-28.95,0.00,-5
0.11,0.08,-28.95,0.00,1
0.11,0.23,-28.95,0.00,9
0.11,0.22,-28.95,0.00,15
0.11,0.12,-28.95,0.00,17
0.11,0.12,-28.95,0.00,17
0.11,0.15,-28.95,0.00,17
0.11,0.31,-28.95,0.00,22
0.12,0.42,-28.95,0.00,28
0.12,0.46,-28.95,0.00,35
0.12,0.48,-28.93,0.01,41
0.12,0.48,-28.92,0.01,45
0.12,0.49,-28.89,0.03,49
0.12,0.41,-28.87,0.01,51
0.13,0.42,-28.83,0.04,53
0.13,0.46,-28.78,0.04,57
0.13,0.40,-28.74,0.04,59
0.13,0.40,-28.67,0.07,62
0.13,0.26,-28.61,0.06,61
0.13,0.25,-28.52,0.09,61
0.13,0.36,-28.43,0.09,65
0.13,0.28,-28.35,0.09,67
0.13,-0.09,-28.26,0.09,61
0.13,-0.09,-28.17,0.09,56
0.13,-0.43,-28.07,0.10,44
0.13,-0.53,-27.97,0.10,34
0.13,-0.62,-27.88,0.09,24
0.12,-0.74,-27.79,0.09,13
0.12,-0.71,-27.70,0.09,6
0.12,-0.57,-27.63,0.07,4
0.12,-0.56,-27.57,0.06,1
0.11,-0.41,-27.53,0.04,2
0.11,-0.29,-27.48,0.04,4
0.11,-0.14,-27.47,0.01,8
0.11,-0.01,-27.45,0.01,14
0.11,-0.01,-27.44,0.01,17
0.11,0.18,-27.43,0.01,23
0.11,0.36,-27.41,0.01,31
0.12,0.49,-27.40,0.01,40
0.12,0.65,-27.37,0.03,51
0.12,0.81,-27.32,0.04,63
0.12,0.68,-27.28,0.04,71
0.13,0.68,-27.24,0.04,76
0.13,0.36,-27.16,0.07,74
0.13,0.21,-27.09,0.07,69
0.13,0.31,-26.97,0.12,68
0.13,0.30,-26.89,0.09,69
0.13,0.30,-26.75,0.13,72
0.13,0.09,-26.64,0.12,70
0.13,0.01,-26.51,0.13,67
0.13,0.04,-26.37,0.13,66
0.13,-0.01,-26.24,0.13,64
0.13,-0.16,-26.11,0.13,61
0.13,-0.22,-25.96,0.15,57
0.13,-0.22,-25.83,0.13,54
0.13,-0.20,-25.70,0.13,52
0.13,-0.35,-25.58,0.12,48
0.12,-0.65,-25.47,0.12,37
0.12,-0.75,-25.34,0.13,26
0.12,-0.61,-25.22,0.12,20
0.12,-0.61,-25.12,0.10,15
0.11,-0.48,-25.03,0.09,15
0.11,-0.37,-24.96,0.07,17
0.11,-0.30,-24.87,0.09,18
0.11,-0.15,-24.81,0.06,22
0.11,-0.00,-24.77,0.04,27
0.11,-0.00,-24.69,0.07,31
0.11,0.11,-24.65,0.04,36
0.11,0.20,-24.59,0.06,41
0.11,0.36,-24.55,0.04,48
0.11,0.57,-24.47,0.07,58
0.12,0.71,-24.40,0.07,70
0.12,0.71,-24.33,0.07,80
0.12,0.78,-24.23,0.10,90
0.13,0.87,-24.12,0.10,99
0.13,0.81,-24.01,0.12,106
0.13,0.39,-23.88,0.13,104
0.13,-0.11,-23.71,0.16,91
0.13,-0.11,-23.54,0.18,81
0.13,-0.23,-23.36,0.18,72
0.13,-0.19,-23.17,0.19,69
0.13,-0.31,-23.00,0.18,65
0.12,-0.64,-22.82,0.18,55
0.12,-0.95,-22.66,0.16,39
0.12,-0.95,-22.50,0.16,26
0.11,-1.07,-22.36,0.15,13
0.11,-1.02,-22.22,0.13,4
0.10,-0.97,-22.11,0.12,-1
0.10,-0.89,-22.02,0.09,-5
0.10,-0.73,-21.93,0.09,-6
0.09,-0.73,-21.87,0.06,-8
0.09,-0.30,-21.81,0.06,-2
0.09,0.34,-21.79,0.03,15
0.10,0.78,-21.76,0.03,39
0.10,0.98,-21.73,0.03,62
0.10,1.17,-21.71,0.01,82
0.11,1.17,-21.67,0.04,97
0.11,1.29,-21.60,0.07,111
0.12,1.30,-21.49,0.10,124
0.12,1.30,-21.36,0.13,135
0.13,1.09,-21.23,0.13,141
0.13,0.59,-21.04,0.19,136
0.13,0.59,-20.82,0.22,133
0.13,0.10,-20.60,0.22,123
0.13,-0.06,-20.34,0.26,113
0.13,-0.20,-20.09,0.25,105
0.13,-0.40,-19.83,0.26,95
0.13,-0.85,-19.58,0.25,79
0.12,-1.25,-19.35,0.23,58
0.12,-1.25,-19.10,0.25,40
0.11,-1.38,-18.89,0.20,24
0.10,-1.64,-18.69,0.20,6
0.10,-1.90,-18.51,0.18,-14
0.09,-1.82,-18.37,0.15,-32
0.08,-1.39,-18.24,0.13,-37
0.08,-1.39,-18.16,0.07,-42
0.07,-0.81,-18.12,0.04,-35
0.07,-0.29,-18.09,0.03,-20
0.07,0.30,-18.07,0.01,1
0.08,0.79,-18.07,0.00,29
0.08,0.79,-18.07,0.00,48
0.09,1.27,-18.06,0.01,71
0.09,1.65,-18.03,0.03,97
0.10,1.92,-17.97,0.06,124
0.11,2.26,-17.88,0.09,155
0.12,2.36,-17.75,0.13,182
0.12,1.82,-17.58,0.18,194
0.13,1.82,-17.39,0.19,204
0.14,1.34,-17.14,0.25,204
0.14,1.23,-16.86,0.28,204
0.15,0.99,-16.54,0.32,204
0.15,0.31,-16.22,0.32,192
0.14,-0.68,-15.87,0.35,163
0.14,-0.68,-15.50,0.37,141
0.14,-1.48,-15.14,0.37,109
0.13,-2.11,-14.77,0.37,72
0.11,-2.90,-14.45,0.32,26
0.10,-3.52,-14.13,0.32,-24
0.09,-3.65,-13.85,0.28,-68
0.07,-3.36,-13.62,0.23,-98
0.06,-3.44,-13.46,0.16,-123
0.05,-3.12,-13.38,0.07,-140
0.04,-2.58,-13.35,0.03,-146
0.03,-2.01,-13.38,-0.03,-143
0.02,-1.43,-13.47,-0.09,-132
0.02,-0.70,-13.59,-0.12,-112
0.02,-0.70,-13.73,-0.15,-102
0.02,0.49,-13.87,-0.13,-72
0.03,2.03,-14.01,-0.15,-18
0.04,3.46,-14.16,-0.15,56
0.06,4.68,-14.26,-0.10,144
0.08,5.48,-14.32,-0.06,210
0.10,5.48,-14.32,0.00,210
0.13,5.67,-14.23,0.09,210
0.15,5.78,-14.11,0.12,210
0.17,5.52,-13.92,0.19,210
0.19,4.89,-13.69,0.23,210
0.21,4.17,-13.41,0.28,210
0.22,3.46,-13.14,0.28,210
0.23,3.46,-12.83,0.31,210
0.24,2.09,-12.52,0.31,210
0.24,0.09,-12.19,0.34,210
0.23,-1.79,-11.85,0.34,210
0.22,-2.67,-11.48,0.37,210
0.21,-3.32,-11.10,0.38,207
0.20,-3.32,-10.70,0.41,160
0.18,-3.75,-10.29,0.41,119
0.16,-4.19,-9.88,0.41,77
0.15,-4.00,-9.48,0.39,44
0.13,-3.71,-9.12,0.37,20
0.12,-3.47,-8.80,0.32,4
0.10,-3.47,-8.49,0.31,-12
0.09,-3.22,-8.24,0.25,-27
0.08,-2.89,-8.05,0.19,-37
0.07,-2.52,-7.88,0.18,-43
0.06,-2.14,-7.76,0.12,-43
0.06,-1.57,-7.67,0.09,-36
0.05,-0.79,-7.63,0.04,-18
0.05,-0.79,-7.60,0.03,-7
0.05,-0.11,-7.57,0.03,11
0.05,0.66,-7.57,0.00,39
0.06,1.52,-7.55,0.01,78
0.07,2.27,-7.54,0.01,126
0.07,2.27,-7.48,0.06,163
0.09,2.85,-7.38,0.10,204
0.10,3.25,-7.22,0.16,210
0.11,2.91,-7.03,0.19,210
0.12,2.50,-6.78,0.25,210
0.13,2.28,-6.50,0.28,210
0.14,1.92,-6.20,0.31,210
0.14,1.92,-5.84,0.35,210
0.15,1.06,-5.49,0.35,210
0.15,0.12,-5.11,0.38,210
0.15,-0.45,-4.72,0.39,210
0.14,-0.99,-4.31,0.41,210
0.14,-1.46,-3.89,0.42,184
0.13,-1.94,-3.45,0.44,152
0.12,-1.94,-3.01,0.44,128
0.11,-2.49,-2.59,0.42,98
0.10,-2.73,-2.16,0.42,69
0.09,-2.96,-1.77,0.39,38
0.08,-3.15,-1.42,0.35,8
0.06,-3.21,-1.10,0.32,-19
0.05,-3.21,-0.82,0.28,-44
0.04,-2.95,-0.60,0.22,-61
0.03,-2.71,-0.42,0.18,-73
0.02,-2.31,-0.32,0.10,-78
0.01,-1.84,-0.25,0.07,-76
0.01,-1.33,-0.23,0.01,-67
-0.00,-1.33,-0.25,-0.01,-65
-0.00,-0.70,-0.28,-0.03,-54
-0.00,0.13,-0.31,-0.03,-31
0.00,1.22,-0.35,-0.04,9
0.01,2.27,-0.38,-0.03,64
0.02,3.22,-0.39,-0.01,128
0.04,3.94,-0.38,0.01,193
0.06,3.94,-0.29,0.09,210
0.07,4.14,-0.16,0.13,210
0.09,4.33,0.03,0.19,210
0.11,4.14,0.28,0.25,210
0.12,3.54,0.56,0.28,210
0.13,3.05,0.85,0.29,210
0.14,2.66,1.20,0.35,210
0.15,2.66,1.55,0.35,210
0.16,2.11,1.91,0.37,210
0.17,1.07,2.29,0.38,210
0.16,-0.17,2.69,0.39,210
0.16,-1.11,3.08,0.39,210
0.15,-1.82,3.49,0.41,210
0.15,-1.82,3.92,0.42,210
0.14,-2.42,4.37,0.45,193
0.12,-2.94,4.81,0.44,156
0.11,-3.16,5.27,0.47,121
0.10,-3.15,5.73,0.45,91
0.09,-3.22,6.15,0.42,65
0.07,-3.30,6.56,0.41,41
0.06,-3.30,6.94,0.38,18
0.05,-3.36,7.29,0.35,-5
0.03,-3.08,7.58,0.29,-22
0.02,-2.80,7.83,0.25,-34
0.01,-2.62,8.02,0.19,-43
0.00,-2.23,8.17,0.15,-46
-0.00,-1.66,8.28,0.12,-41
-0.01,-1.65,8.33,0.04,-42
-0.02,-1.03,8.36,0.03,-33
-0.02,-0.20,8.39,0.03,-11
-0.01,0.80,8.39,0.00,24
-0.01,1.83,8.39,0.00,75
0.00,1.83,8.39,0.00,114
0.01,2.83,8.45,0.06,163
0.03,3.62,8.53,0.09,210
0.04,3.83,8.68,0.15,210
0.06,3.93,8.87,0.19,210
0.07,3.68,9.10,0.23,210
0.09,3.02,9.37,0.26,210
0.10,3.02,9.67,0.31,210
0.11,2.20,9.99,0.32,210
0.11,1.64,10.34,0.35,210
0.12,0.88,10.71,0.37,210
0.12,-0.08,11.09,0.38,210
0.11,-0.93,11.48,0.39,210
0.11,-0.93,11.88,0.39,210
0.10,-1.41,12.30,0.42,210
0.10,-1.61,12.73,0.42,202
0.09,-2.15,13.16,0.44,174
0.08,-2.70,13.60,0.44,139
0.06,-2.98,14.06,0.45,103
0.05,-2.98,14.48,0.42,74
0.04,-3.04,14.89,0.41,48
0.03,-3.03,15.27,0.38,27
0.01,-3.13,15.62,0.35,5
0.00,-2.96,15.93,0.31,-12
-0.01,-2.85,16.19,0.26,-28
-0.02,-2.64,16.38,0.19,-40
-0.03,-2.64,16.55,0.18,-54
-0.04,-2.36,16.67,0.12,-63
-0.05,-1.90,16.72,0.04,-66
-0.05,-1.26,16.76,0.04,-57
-0.05,-0.67,16.76,0.00,-40
-0.05,0.22,16.76,0.00,-10
-0.05,0.22,16.74,-0.01,10
-0.05,1.38,16.74,0.00,48
-0.04,2.59,16.76,0.01,104
-0.02,3.66,16.79,0.03,171
-0.00,4.20,16.86,0.07,210
0.01,4.05,16.99,0.13,210
0.03,3.91,17.18,0.19,210
0.04,4.03,17.40,0.22,210
0.06,3.85,17.69,0.29,210
0.07,3.26,17.99,0.29,210
0.08,2.63,18.34,0.35,210
0.09,2.20,18.69,0.35,210
0.10,1.63,19.08,0.39,210
0.10,0.78,19.48,0.39,210
0.10,0.79,19.90,0.42,210
0.10,-0.42,20.32,0.42,210
0.10,-1.25,20.75,0.42,210
0.09,-1.78,21.19,0.44,210
0.08,-2.44,21.65,0.47,210
0.07,-3.17,22.11,0.45,167
0.05,-3.17,22.57,0.47,130
0.04,-3.52,23.04,0.47,93
0.03,-3.60,23.51,0.47,61
0.01,-3.43,23.92,0.41,37
-0.00,-3.48,24.33,0.41,14
-0.02,-3.44,24.66,0.34,-7
-0.03,-3.16,24.97,0.31,-22
-0.04,-3.13,25.23,0.26,-39
-0.05,-2.86,25.44,0.20,-51
-0.06,-2.56,25.58,0.15,-59
-0.07,-2.13,25.69,0.10,-62
-0.08,-1.64,25.76,0.07,-56
-0.08,-1.08,25.79,0.03,-44
-0.09,-1.08,25.79,0.00,-39
-0.09,-0.27,25.79,0.00,-21
-0.08,0.88,25.79,0.00,14
-0.07,2.15,25.79,0.00,70
-0.06,3.34,25.79,0.00,141
-0.04,4.17,25.82,0.03,210
-0.03,4.17,25.91,0.09,210
-0.01,4.35,26.04,0.13,210
0.01,4.44,26.26,0.22,210
0.02,4.31,26.49,0.23,210
0.04,3.76,26.78,0.29,210
0.05,3.09,27.09,0.31,210
0.06,3.09,27.44,0.35,210
0.07,2.50,27.81,0.37,210
0.08,1.88,28.19,0.38,210
0.09,0.97,28.58,0.39,210
0.08,-0.37,28.99,0.41,210
0.08,-1.38,29.40,0.41,210
0.07,-2.09,29.84,0.44,210
0.06,-2.09,30.26,0.42,210
0.05,-2.61,30.73,0.47,204
0.04,-3.50,31.18,0.45,159
0.02,-3.95,31.65,0.47,112
0.00,-3.93,32.12,0.47,71
-0.01,-3.95,32.57,0.45,37
-0.03,-3.95,32.98,0.41,9
-0.04,-3.99,33.34,0.37,-17
-0.06,-3.85,33.65,0.31,-41
-0.07,-3.77,33.91,0.26,-64
-0.09,-3.40,34.10,0.19,-79
-0.10,-3.19,34.23,0.13,-92
-0.11,-2.76,34.31,0.07,-99
-0.12,-2.68,34.35,0.04,-108
-0.13,-2.08,34.34,-0.01,-108
-0.13,-1.33,34.28,-0.06,-97
-0.13,-0.30,34.22,-0.06,-69
-0.13,1.16,34.15,-0.07,-17
-0.12,2.75,34.07,-0.07,56
-0.11,2.75,34.03,-0.04,113
-0.09,4.12,34.02,-0.01,184
-0.07,4.91,34.06,0.04,210
-0.05,4.82,34.18,0.12,210
-0.03,4.64,34.32,0.15,210
-0.02,4.46,34.54,0.22,210
0.00,4.46,34.79,0.25,210
0.02,3.93,35.07,0.28,210
0.03,3.12,35.37,0.31,210
0.04,2.36,35.72,0.35,210
0.05,1.69,36.06,0.34,210
0.05,0.73,36.44,0.38,210
0.05,-0.60,36.62,0.38,210
0.04,-0.60,36.81,0.41,210
0.04,-1.69,36.98,0.39,210
0.03,-2.12,37.16,0.42,210
0.02,-2.50,37.35,0.44,201
0.01,-3.27,37.54,0.45,154
-0.01,-3.90,37.73,0.45,103
-0.03,-4.02,37.92,0.45,57
-0.04,-4.02,38.09,0.42,18
-0.06,-4.05,38.24,0.39,-13
-0.07,-4.25,38.37,0.34,-47
-0.09,-4.33,38.47,0.28,-81
-0.11,-4.11,38.53,0.20,-110
-0.12,-4.00,38.57,0.15,-136
-0.14,-3.57,38.57,0.06,-153
-0.15,-3.63,38.57,0.01,-173
-0.16,-2.93,38.53,-0.06,-180
-0.17,-2.12,38.49,-0.09,-174
-0.18,-1.19,38.43,-0.13,-153
-0.18,0.38,38.36,-0.16,-105
-0.17,2.41,38.30,-0.15,-26
-0.16,2.41,38.22,-0.16,33
-0.14,4.33,38.17,-0.15,118
-0.12,5.60,38.14,-0.09,210
-0.09,6.23,38.14,-0.01,210
-0.07,6.14,38.17,0.03,210
-0.04,5.77,38.24,0.13,210
-0.02,5.77,38.31,0.16,210
0.00,5.46,38.41,0.20,210
0.02,4.81,38.54,0.26,210
0.04,3.74,38.68,0.28,210
0.05,2.69,38.82,0.31,210
0.05,1.65,38.97,0.31,210
0.06,1.65,39.13,0.35,210
0.06,0.30,39.29,0.34,210
0.06,-1.26,39.47,0.39,210
0.05,-2.28,39.63,0.37,210
0.04,-2.64,39.80,0.41,210
0.02,-3.16,39.98,0.42,202
0.01,-3.16,40.15,0.42,166
-0.01,-4.02,40.34,0.45,119
-0.02,-4.70,40.52,0.44,63
-0.04,-4.86,40.69,0.42,11
-0.06,-4.71,40.84,0.39,-31
-0.08,-4.63,40.97,0.34,-65
-0.10,-4.54,41.06,0.26,-94
-0.12,-4.54,41.12,0.20,-124
-0.13,-4.30,41.15,0.12,-150
-0.15,-4.10,41.15,0.04,-174
-0.16,-3.62,41.12,-0.01,-188
-0.18,-2.83,41.07,-0.07,-188
-0.18,-1.90,41.01,-0.12,-174
-0.19,-1.90,40.94,-0.15,-167
-0.19,-0.78,40.87,-0.16,-144
-0.19,0.72,40.80,-0.19,-99
-0.18,2.49,40.72,-0.19,-27
-0.16,4.35,40.65,-0.18,72
-0.14,5.56,40.59,-0.16,175
-0.12,6.13,40.58,-0.09,210
-0.09,6.06,40.58,-0.01,210
-0.07,5.83,40.61,0.04,210
-0.05,5.50,40.66,0.12,210
-0.03,5.18,40.75,0.18,210
-0.01,4.57,40.85,0.22,210
0.01,4.57,40.97,0.25,210
0.03,3.51,41.10,0.28,210
0.03,2.35,41.25,0.31,210
0.04,1.40,41.39,0.32,210
0.04,0.26,41.55,0.35,210
0.04,-1.21,41.72,0.35,210
0.03,-2.56,41.88,0.38,210
0.02,-2.56,42.04,0.38,210
0.00,-3.39,42.20,0.39,174
-0.01,-4.01,42.37,0.41,120
-0.03,-4.76,42.53,0.41,61
-0.05,-5.36,42.69,0.39,-3
-0.08,-5.41,42.83,0.37,-59
-0.10,-5.41,42.94,0.31,-106
-0.12,-5.34,43.02,0.23,-147
-0.14,-5.10,43.06,0.15,-179
-0.16,-4.72,43.06,0.06,-204
-0.17,-4.28,43.05,0.00,-210
-0.19,-3.87,42.99,-0.06,-210
-0.20,-3.87,42.93,-0.12,-210
-0.22,-3.31,42.84,-0.18,-210
-0.23,-2.12,42.75,-0.19,-210
-0.23,-0.51,42.65,-0.22,-210
-0.22,1.27,42.55,-0.25,-143
-0.21,3.17,42.45,-0.25,-50
-0.19,5.02,42.34,-0.25,59
-0.17,5.02,42.26,-0.22,143
-0.14,6.18,42.20,-0.18,210
-0.12,6.54,42.18,-0.06,210
-0.09,6.39,42.20,0.00,210
-0.07,5.66,42.24,0.09,210
-0.05,5.01,42.31,0.13,210
-0.03,4.44,42.40,0.18,210
-0.01,4.44,42.50,0.23,210
-0.00,3.46,42.62,0.25,210
0.01,2.01,42.77,0.29,210
0.01,0.77,42.90,0.31,210
0.01,-0.48,43.05,0.31,210
0.00,-1.95,43.18,0.32,210
-0.01,-3.33,43.32,0.35,191
-0.03,-3.33,43.47,0.35,132
-0.04,-4.57,43.62,0.37,63
-0.06,-5.26,43.76,0.37,-5
-0.09,-5.62,43.88,0.32,-70
-0.11,-5.80,43.98,0.28,-130
-0.13,-5.62,44.04,0.19,-176
-0.15,-5.62,44.07,0.12,-210
-0.18,-5.32,44.07,0.04,-210
-0.20,-5.13,44.04,-0.03,-210
-0.22,-4.90,43.98,-0.10,-210
-0.23,-4.17,43.89,-0.16,-210
-0.24,-3.18,43.81,-0.18,-210
-0.26,-3.18,43.70,-0.22,-210
-0.26,-1.92,43.60,-0.23,-210
-0.26,-0.13,43.48,-0.25,-210
-0.26,2.00,43.37,-0.28,-181
-0.24,3.89,43.25,-0.28,-77
-0.22,5.04,43.13,-0.29,26
-0.20,5.71,43.03,-0.26,118
-0.17,5.71,42.96,-0.22,186
-0.15,5.94,42.91,-0.13,210
-0.13,5.57,42.91,-0.03,210
-0.11,5.29,42.94,0.03,210
-0.09,4.59,43.00,0.10,210
-0.07,3.61,43.07,0.15,210
-0.06,3.61,43.16,0.18,210
-0.05,2.46,43.28,0.23,210
-0.04,1.43,43.40,0.25,210
-0.04,0.36,43.53,0.29,210
-0.05,-1.27,43.67,0.31,210
-0.06,-2.90,43.82,0.32,136
-0.08,-4.15,43.97,0.34,49
-0.09,-4.15,44.10,0.32,-16
-0.11,-4.91,44.21,0.29,-81
-0.13,-5.71,44.30,0.23,-149
-0.16,-6.13,44.35,0.15,-210
-0.18,-5.96,44.36,0.07,-210
-0.20,-5.80,44.35,0.00,-210
-0.23,-5.66,44.30,-0.07,-210
-0.25,-5.65,44.23,-0.13,-210
-0.27,-5.10,44.14,-0.18,-210
-0.29,-4.14,44.04,-0.20,-210
-0.30,-2.92,43.94,-0.22,-210
-0.30,-1.07,43.82,-0.25,-210
-0.30,1.11,43.69,-0.26,-210
-0.29,1.11,43.57,-0.28,-210
-0.28,2.86,43.44,-0.29,-158
-0.26,3.84,43.31,-0.32,-85
-0.25,4.36,43.19,-0.31,-18
-0.23,4.90,43.07,-0.29,47
-0.21,5.07,42.99,-0.25,102
-0.19,5.07,42.91,-0.20,148
-0.17,4.68,42.88,-0.10,180
-0.15,4.16,42.87,-0.06,199
-0.14,3.35,42.90,0.03,202
-0.13,2.55,42.94,0.09,193
-0.12,1.99,43.02,0.15,181
-0.11,1.05,43.10,0.18,158
-0.11,1.05,43.21,0.22,146
-0.11,-0.35,43.32,0.25,113
-0.12,-1.70,43.44,0.25,60
-0.13,-2.73,43.54,0.22,-2
-0.14,-3.77,43.63,0.20,-75
-0.16,-4.74,43.69,0.16,-152
-0.18,-4.74,43.72,0.10,-210
-0.20,-5.26,43.73,0.04,-210
-0.22,-5.32,43.69,-0.06,-210
-0.24,-5.21,43.63,-0.12,-210
-0.26,-5.11,43.56,-0.16,-210
-0.28,-4.72,43.45,-0.20,-210
-0.30,-4.72,43.35,-0.23,-210
-0.32,-3.97,43.22,-0.28,-210
-0.33,-2.65,43.10,-0.26,-210
-0.33,-1.01,42.96,-0.31,-210
-0.33,0.94,42.83,-0.29,-210
-0.32,2.36,42.68,-0.34,-210
-0.30,3.12,42.53,-0.34,-189
-0.29,3.12,42.39,-0.37,-136
-0.28,3.43,42.24,-0.37,-94
-0.26,3.70,42.10,-0.35,-56
-0.25,4.02,41.96,-0.35,-17
-0.23,3.71,41.83,-0.31,12
-0.22,3.21,41.73,-0.28,28
-0.20,3.21,41.64,-0.23,43
-0.19,2.74,41.58,-0.16,50
-0.18,2.16,41.54,-0.13,50
-0.18,1.60,41.51,-0.09,42
-0.17,0.98,41.51,-0.04,26
-0.17,0.24,41.51,-0.01,2
-0.17,0.24,41.51,-0.01,-12
-0.17,-0.52,41.51,0.00,-36
-0.18,-1.25,41.51,0.00,-69
-0.19,-1.99,41.50,-0.03,-110
-0.20,-2.49,41.48,-0.03,-154
-0.21,-2.72,41.44,-0.09,-193
-0.22,-2.89,41.38,-0.13,-210
-0.23,-2.89,41.31,-0.16,-210
-0.24,-3.00,41.20,-0.22,-210
-0.25,-2.83,41.09,-0.25,-210
-0.26,-2.40,40.94,-0.31,-210
-0.27,-1.87,40.80,-0.32,-210
-0.27,-1.19,40.63,-0.34,-210
-0.28,-1.19,40.47,-0.35,-210
-0.28,-0.06,40.31,-0.37,-210
-0.27,1.41,40.14,-0.39,-210
-0.26,2.11,39.98,-0.38,-169
-0.25,2.29,39.80,-0.41,-123
-0.24,2.58,39.63,-0.42,-86
-0.23,2.93,39.47,-0.39,-52
-0.22,2.93,39.30,-0.38,-24
-0.21,3.01,39.17,-0.34,2
-0.20,2.77,39.06,-0.29,21
-0.19,2.43,38.95,-0.25,31
-0.18,1.93,38.88,-0.20,32
-0.17,1.29,38.82,-0.15,22
-0.17,1.29,38.78,-0.13,17
-0.16,0.74,38.76,-0.06,7
-0.16,0.10,38.75,-0.06,-10
-0.17,-0.62,38.73,-0.06,-38
-0.17,-1.44,38.72,-0.03,-77
-0.18,-2.21,38.71,-0.06,-124
-0.19,-2.21,38.68,-0.07,-160
-0.20,-2.90,38.63,-0.12,-202
-0.21,-3.38,38.57,-0.15,-210
-0.23,-3.56,38.47,-0.22,-210
-0.24,-3.45,38.37,-0.25,-210
-0.25,-3.45,38.22,-0.31,-210
-0.27,-3.23,38.09,-0.31,-210
-0.28,-3.23,37.93,-0.34,-210
-0.29,-2.57,37.76,-0.37,-210
-0.30,-1.59,37.58,-0.38,-210
-0.30,-0.62,37.41,-0.38,-210
-0.30,0.32,37.22,-0.41,-210
-0.29,0.98,37.03,-0.42,-210
-0.29,1.18,36.85,-0.42,-210
-0.28,1.18,36.66,-0.44,-210
-0.28,1.33,36.47,-0.45,-210
-0.27,1.45,36.27,-0.47,-196
-0.26,1.71,36.08,-0.47,-178
-0.26,1.87,35.89,-0.45,-158
-0.25,2.07,35.68,-0.47,-136
-0.24,2.07,35.49,-0.45,-117
-0.23,2.07,35.30,-0.45,-100
-0.22,2.12,35.11,-0.42,-84
-0.21,1.94,34.94,-0.41,-73
-0.21,1.44,34.78,-0.38,-72
-0.20,0.99,34.63,-0.35,-80
-0.20,0.68,34.48,-0.35,-91
-0.20,0.48,34.34,-0.32,-101
-0.20,0.48,34.21,-0.32,-105
-0.20,0.05,34.07,-0.31,-115
-0.20,-0.55,33.94,-0.31,-134
-0.20,-0.85,33.81,-0.31,-157
-0.20,-0.78,33.66,-0.32,-173
-0.21,-0.78,33.53,-0.31,-184
-0.21,-0.89,33.37,-0.35,-193
-0.21,-0.89,33.21,-0.37,-201
-0.22,-0.86,33.04,-0.39,-209
-0.22,-0.67,32.86,-0.39,-210
-0.22,-0.45,32.67,-0.42,-210
-0.22,-0.62,32.47,-0.44,-210
-0.22,-0.48,32.26,-0.47,-210
-0.22,0.09,32.06,-0.47,-206
-0.22,0.09,31.87,-0.45,-199
-0.22,0.56,31.66,-0.47,-183
-0.22,0.82,31.46,-0.48,-166
-0.21,0.95,31.25,-0.48,-151
-0.21,1.04,31.05,-0.48,-137
-0.20,1.18,30.84,-0.48,-124
-0.20,0.96,30.65,-0.45,-118
-0.20,0.96,30.45,-0.47,-113
-0.19,0.58,30.27,-0.42,-117
-0.19,0.44,30.08,-0.44,-122
-0.19,0.31,29.91,-0.41,-128
-0.19,-0.10,29.73,-0.41,-140
-0.19,-0.42,29.57,-0.39,-155
-0.19,-0.60,29.40,-0.41,-171
-0.20,-0.60,29.22,-0.41,-183
-0.20,-0.73,29.05,-0.41,-194
-0.20,-1.10,28.86,-0.44,-210
-0.21,-1.23,28.67,-0.42,-210
-0.21,-1.05,28.46,-0.45,-210
-0.21,-0.66,28.24,-0.48,-210
-0.22,-0.47,28.02,-0.50,-210
-0.22,-0.47,27.82,-0.48,-210
-0.22,-0.42,27.60,-0.50,-210
-0.22,-0.27,27.38,-0.50,-210
-0.22,0.22,27.16,-0.51,-210
-0.22,0.47,26.94,-0.51,-210
-0.21,0.67,26.72,-0.51,-195
-0.21,0.73,26.49,-0.53,-183
-0.21,0.73,26.26,-0.53,-175
-0.21,0.56,26.04,-0.51,-173
-0.20,0.56,25.80,-0.51,-172
-0.20,0.50,25.58,-0.50,-172
-0.20,0.32,25.37,-0.51,-175
-0.20,0.20,25.15,-0.50,-179
-0.20,0.19,24.93,-0.48,-183
-0.20,0.19,24.71,-0.50,-184
-0.20,0.06,24.49,-0.48,-187
-0.20,-0.06,24.27,-0.50,-192
-0.20,-0.07,24.04,-0.51,-197
-0.20,-0.03,23.82,-0.50,-199
-0.20,-0.08,23.60,-0.50,-202
-0.20,-0.34,23.36,-0.53,-210
-0.20,-0.34,23.13,-0.53,-210
-0.20,-0.34,22.90,-0.53,-210
-0.20,0.05,22.66,-0.54,-210
-0.20,0.06,22.43,-0.53,-210
-0.20,-0.34,22.18,-0.56,-210
-0.20,-0.11,21.95,-0.54,-210
-0.20,0.08,21.70,-0.56,-210
-0.20,0.08,21.45,-0.57,-210
-0.20,-0.05,21.20,-0.57,-210
-0.20,-0.35,20.95,-0.56,-210
-0.20,-0.51,20.70,-0.57,-210
-0.20,-0.20,20.44,-0.58,-210
-0.20,-0.08,20.19,-0.57,-210
-0.20,-0.26,19.93,-0.58,-210
-0.21,-0.58,19.68,-0.58,-210
-0.21,-0.58,19.42,-0.58,-210
-0.21,-0.30,19.17,-0.57,-210
-0.21,-0.15,18.91,-0.58,-210
-0.21,-0.45,18.66,-0.58,-210
-0.21,-0.31,18.40,-0.58,-210
-0.21,-0.09,18.15,-0.58,-210
-0.21,-0.10,17.88,-0.58,-210
-0.21,-0.10,17.62,-0.60,-210
-0.21,-0.36,17.37,-0.57,-210
-0.21,-0.35,17.11,-0.60,-210
-0.22,-0.16,16.86,-0.57,-210
-0.22,-0.07,16.60,-0.60,-210
-0.22,-0.31,16.34,-0.60,-210
-0.22,-0.17,16.07,-0.58,-210
-0.22,-0.07,15.82,-0.58,-210
-0.22,-0.07,15.56,-0.58,-210
-0.22,-0.25,15.30,-0.60,-210
-0.22,-0.41,15.04,-0.60,-210
-0.22,-0.36,14.77,-0.58,-210
-0.22,-0.16,14.52,-0.58,-210
-0.22,-0.41,14.26,-0.60,-210
-0.22,-0.63,14.00,-0.58,-210
-0.23,-0.63,13.73,-0.60,-210
-0.23,-0.65,13.47,-0.60,-210
-0.23,-0.61,13.21,-0.58,-210
-0.23,-0.81,12.95,-0.60,-210
-0.24,-0.92,12.67,-0.61,-210
-0.24,-1.06,12.41,-0.60,-210
-0.25,-1.07,12.14,-0.60,-210
-0.25,-1.06,11.88,-0.60,-210
-0.25,-1.06,11.62,-0.60,-210
-0.26,-1.21,11.35,-0.60,-210
-0.26,-1.32,11.09,-0.60,-210
-0.27,-1.52,10.83,-0.60,-210
-0.27,-1.47,10.55,-0.63,-210
-0.28,-1.61,10.29,-0.60,-210
-0.29,-1.74,10.02,-0.60,-210
-0.29,-1.73,9.76,-0.60,-210
-0.30,-1.73,9.51,-0.58,-210
-0.31,-1.72,9.25,-0.60,-210
-0.31,-1.68,8.99,-0.60,-210
-0.32,-2.02,8.74,-0.57,-210
-0.33,-2.00,8.47,-0.61,-210
-0.34,-1.74,8.21,-0.58,-210
-0.34,-1.64,7.96,-0.58,-210
-0.35,-1.64,7.70,-0.60,-210
-0.36,-2.08,7.44,-0.61,-210
-0.36,-2.19,7.19,-0.57,-210
-0.37,-2.14,6.93,-0.60,-210
-0.38,-2.16,6.68,-0.58,-210
-0.39,-2.14,6.41,-0.60,-210
-0.40,-2.23,6.17,-0.57,-210
-0.41,-2.23,5.90,-0.60,-210
-0.42,-2.29,5.64,-0.60,-210
-0.42,-2.42,5.39,-0.57,-210
-0.43,-2.45,5.13,-0.58,-210
-0.44,-2.81,4.87,-0.58,-210
-0.46,-2.92,4.62,-0.57,-210
-0.47,-2.69,4.35,-0.58,-210
-0.48,-2.69,4.09,-0.58,-210
-0.49,-3.07,3.84,-0.57,-210
-0.50,-3.41,3.58,-0.58,-210
-0.51,-3.42,3.33,-0.57,-210
-0.53,-3.29,3.07,-0.58,-210
-0.54,-3.50,2.81,-0.57,-210
-0.56,-3.83,2.56,-0.58,-210
-0.57,-3.97,2.29,-0.57,-210
-0.59,-4.01,2.05,-0.58,-210
-0.60,-4.00,1.78,-0.58,-210
-0.62,-4.21,1.53,-0.58,-210
-0.63,-4.30,1.27,-0.58,-210
-0.65,-4.36,1.02,-0.57,-210
-0.67,-4.55,0.77,-0.58,-210
-0.69,-4.57,0.53,-0.58,-210
-0.70,-4.57,0.26,-0.58,-210
-0.72,-4.74,0.01,-0.58,-210
-0.74,-4.94,0.01,-0.58,-210
-0.76,-5.24,0.01,-0.57,-210
-0.78,-5.19,0.01,-0.58,-210
-0.80,-5.22,0.01,-0.58,-210
-0.82,-5.30,0.01,-0.57,-210
-0.84,-5.30,0.01,-0.58,-210
-0.86,-5.61,0.01,-0.58,-210
-0.89,-5.62,0.01,-0.58,-210
-0.91,-5.64,0.01,-0.58,-210
-0.93,-5.61,0.01,-0.58,-210
-0.95,-6.00,0.01,-0.57,-210
-0.97,-5.84,0.01,-0.57,-210
-1.00,-5.84,0.01,-0.58,-210
-1.02,-5.84,0.01,-0.58,-210
-1.04,-6.18,0.01,-0.58,-210
-1.07,-6.43,0.01,-0.57,-210
-1.09,-6.25,0.01,-0.60,-210
-1.12,-6.64,0.01,-0.57,-210
-1.14,-6.70,0.01,-0.58,-210
-1.17,-6.70,0.01,-0.60,-210
-1.19,-6.48,0.01,-0.57,-210
-1.22,-6.27,0.01,-0.60,-210
-1.24,-6.98,0.01,-0.57,-210
-1.25,-3.00,0.01,-0.58,-210
-1.25,-0.61,0.01,-0.56,-210
-1.25,0.22,0.01,-0.56,-210
-1.25,0.22,0.01,-0.53,-210
-1.24,1.93,0.01,-0.51,-210
-1.23,2.25,0.01,-0.50,-210
-1.22,2.72,0.01,-0.45,-210
-1.20,4.69,0.01,-0.44,-210
-1.17,5.75,0.01,-0.44,-210
-1.15,5.81,0.01,-0.42,-210
-1.13,5.81,0.01,-0.42,-210
-1.10,6.29,0.01,-0.41,-210
-1.07,7.01,0.01,-0.41,-210
-1.04,7.56,0.01,-0.41,-210
-1.01,7.37,0.01,-0.38,-210
-0.98,7.30,0.01,-0.42,-210
-0.95,7.30,0.01,-0.42,-210
-0.92,7.28,0.01,-0.42,-210
-0.89,7.12,0.01,-0.45,-210
-0.86,6.78,0.01,-0.44,-210
-0.84,5.88,0.01,-0.47,-210
-0.81,5.58,0.01,-0.47,-210
-0.79,5.58,0.01,-0.47,-210
-0.77,5.55,0.01,-0.47,-210
-0.75,5.13,0.01,-0.47,-210
-0.73,4.98,0.01,-0.47,-210
-0.70,5.20,0.01,-0.48,-210
-0.68,5.51,0.01,-0.48,-210
-0.66,5.73,0.01,-0.47,-210
-0.63,5.73,0.01,-0.48,-210
-0.61,5.40,0.01,-0.50,-210
-0.59,5.24,0.01,-0.47,-210
-0.57,5.11,0.01,-0.50,-210
-0.55,5.14,0.01,-0.51,-210
-0.53,4.87,0.01,-0.48,-210
-0.51,4.65,0.01,-0.50,-210
-0.49,4.65,0.01,-0.51,-210
-0.47,4.59,0.01,-0.50,-210
-0.45,4.93,0.01,-0.50,-210
-0.43,4.63,0.01,-0.51,-210
-0.41,4.30,0.01,-0.51,-210
-0.40,4.50,0.01,-0.51,-210
-0.38,4.50,0.01,-0.51,-210
-0.36,4.64,0.01,-0.53,-210
-0.34,4.49,0.01,-0.51,-210
-0.32,3.91,0.01,-0.51,-210
-0.31,2.74,0.01,-0.48,-210
-0.30,2.90,0.01,-0.50,-210
-0.29,3.13,0.01,-0.50,-210
-0.28,3.13,0.01,-0.51,-210
-0.27,2.63,0.01,-0.50,-210
-0.26,2.34,0.01,-0.51,-210
-0.25,1.93,0.01,-0.54,-210
-0.24,1.29,0.01,-0.53,-210
-0.23,2.89,0.01,-0.51,-210
-0.21,4.67,0.01,-0.51,-210
-0.19,4.67,0.01,-0.51,-192
-0.17,5.57,0.01,-0.53,-115
-0.15,5.74,0.01,-0.50,-51
-0.12,6.38,0.01,-0.47,14
-0.09,6.72,0.01,-0.41,82
-0.07,6.61,0.01,-0.37,139
-0.04,6.18,0.01,-0.28,182
-0.02,6.18,0.01,-0.19,210
0.01,6.05,0.01,-0.09,210
0.03,5.18,0.01,-0.03,210
0.04,2.55,0.01,0.03,210
0.03,-1.64,0.01,0.09,136
0.02,-1.64,0.01,0.13,45
0.01,-2.75,0.01,0.15,-40
0.00,-2.83,0.01,0.16,-95
-0.01,-2.81,0.01,0.10,-126
-0.02,-2.83,0.01,0.06,-152
-0.03,-2.69,0.01,-0.01,-170
-0.04,-2.58,0.01,-0.04,-186
-0.05,-2.58,0.01,-0.09,-202
-0.06,-1.85,0.01,-0.12,-203
-0.06,-0.67,0.01,-0.15,-181
-0.06,0.78,0.01,-0.16,-133
-0.05,1.96,0.01,-0.19,-70
-0.04,3.22,0.01,-0.18,4
-0.03,3.22,0.01,-0.19,60
-0.01,3.78,0.01,-0.16,113
0.01,3.95,0.01,-0.10,157
0.02,3.82,0.01,-0.03,190
0.03,3.42,0.01,0.01,210
0.04,2.64,0.01,0.09,210
0.06,2.64,0.01,0.13,210
0.06,2.11,0.01,0.16,210
0.07,0.72,0.01,0.20,193
0.06,-0.82,0.01,0.23,143
0.06,-1.90,0.01,0.26,79
0.05,-2.48,0.01,0.28,19
0.03,-2.96,0.01,0.23,-32
0.02,-2.96,0.01,0.23,-70
0.01,-3.31,0.01,0.16,-107
-0.01,-3.65,0.01,0.10,-145
-0.02,-3.55,0.01,0.04,-177
-0.03,-3.45,0.01,-0.01,-204
-0.05,-3.33,0.01,-0.07,-210
-0.06,-3.33,0.01,-0.10,-210
-0.07,-2.90,0.01,-0.13,-210
-0.08,-1.76,0.01,-0.18,-210
-0.08,0.08,0.01,-0.16,-205
-0.07,2.10,0.01,-0.22,-125
-0.06,3.69,0.01,-0.22,-28
-0.04,4.68,0.01,-0.23,65
-0.02,4.62,0.01,-0.20,134
0.00,5.10,0.01,-0.13,194
0.02,5.00,0.01,-0.06,210
0.04,4.48,0.01,-0.01,210
0.06,3.82,0.01,0.06,210
0.07,3.82,0.01,0.10,210
0.08,3.46,0.01,0.15,210
0.10,2.82,0.01,0.20,210
0.10,1.64,0.01,0.20,210
0.10,0.26,0.01,0.25,210
0.10,-0.76,0.01,0.26,201
0.09,-1.83,0.01,0.28,142
0.08,-1.83,0.01,0.29,100
0.07,-3.04,0.01,0.28,45
0.06,-4.08,0.01,0.28,-19
0.04,-4.71,0.01,0.26,-86
0.02,-5.13,0.01,0.18,-152
-0.00,-5.13,0.01,0.15,-205
-0.02,-5.19,0.01,0.06,-210
-0.04,-4.92,0.01,-0.01,-210
-0.06,-4.55,0.01,-0.09,-210
-0.08,-4.26,0.01,-0.13,-210
-0.09,-3.74,0.01,-0.15,-210
-0.10,-2.49,0.01,-0.19,-210
-0.11,-2.49,0.01,-0.20,-210
-0.12,-0.57,0.01,-0.22,-210
-0.11,1.71,0.01,-0.23,-210
-0.10,3.29,0.01,-0.26,-121
-0.08,4.37,0.01,-0.26,-24
-0.06,5.12,0.01,-0.28,61
-0.04,5.12,0.01,-0.23,124
-0.02,5.51,0.01,-0.18,182
0.01,5.54,0.01,-0.10,210
0.03,5.07,0.01,-0.03,210
0.05,4.44,0.01,0.04,210
0.06,4.07,0.01,0.09,210
0.08,4.07,0.01,0.12,210
0.09,3.38,0.01,0.18,210
0.10,2.17,0.01,0.20,210
0.10,0.79,0.01,0.22,210
0.10,-0.54,0.01,0.25,210
0.09,-2.00,0.01,0.28,149
0.08,-2.00,0.01,0.29,98
0.07,-3.32,0.01,0.28,35
0.05,-4.42,0.01,0.26,-35
0.03,-5.15,0.01,0.23,-109
0.01,-5.50,0.01,0.19,-179
-0.01,-5.50,0.01,0.12,-210
-0.03,-5.50,0.01,0.03,-210
-0.05,-5.21,0.01,-0.03,-210
-0.07,-4.87,0.01,-0.09,-210
-0.09,-4.60,0.01,-0.15,-210
-0.11,-4.02,0.01,-0.18,-210
-0.12,-2.80,0.01,-0.19,-210
-0.13,-2.80,0.01,-0.22,-210
-0.13,-0.81,0.01,-0.22,-210
-0.13,1.42,0.01,-0.25,-210
-0.12,2.99,0.01,-0.25,-168
-0.10,4.05,0.01,-0.29,-74
-0.08,4.86,0.01,-0.28,9
-0.06,4.86,0.01,-0.26,71
-0.04,5.39,0.01,-0.22,130
-0.02,5.18,0.01,-0.16,175
0.00,4.79,0.01,-0.07,207
0.02,4.13,0.01,-0.01,210
0.03,3.74,0.01,0.04,210
0.05,3.74,0.01,0.10,210
0.06,3.13,0.01,0.13,210
0.07,2.10,0.01,0.18,210
0.07,0.71,0.01,0.20,210
0.07,-0.41,0.01,0.23,163
0.06,-1.73,0.01,0.26,100
0.06,-1.73,0.01,0.26,55
0.04,-3.00,0.01,0.28,-2
0.03,-4.00,0.01,0.22,-68
0.01,-4.71,0.01,0.19,-136
-0.01,-5.09,0.01,0.12,-202
-0.03,-5.12,0.01,0.06,-210
-0.05,-5.12,0.01,0.00,-210
-0.07,-4.92,0.01,-0.07,-210
-0.09,-4.69,0.01,-0.13,-210
-0.11,-3.61,0.01,-0.16,-210
-0.11,-1.11,0.01,-0.19,-210
-0.11,0.24,0.01,-0.22,-210
-0.10,1.48,0.01,-0.26,-188
-0.10,1.48,0.01,-0.25,-138
-0.09,2.33,0.01,-0.26,-91
-0.07,3.32,0.01,-0.25,-36
-0.06,4.32,0.01,-0.26,29
-0.04,5.05,0.01,-0.22,101
-0.02,5.05,0.01,-0.18,160
0.00,4.91,0.01,-0.09,205
0.02,4.95,0.01,-0.04,210
0.04,4.30,0.01,0.03,210
0.06,3.66,0.01,0.09,210
0.07,3.08,0.01,0.13,210
0.08,2.49,0.01,0.16,210
0.09,2.49,0.01,0.20,210
0.09,1.30,0.01,0.23,210
0.09,-0.00,0.01,0.23,210
0.09,-1.35,0.01,0.26,161
0.08,-2.55,0.01,0.28,91
0.07,-2.55,0.01,0.29,40
0.05,-3.89,0.01,0.28,-24
0.03,-4.80,0.01,0.26,-95
0.01,-5.44,0.01,0.18,-167
-0.01,-5.47,0.01,0.13,-210
-0.03,-5.46,0.01,0.04,-210
-0.06,-5.26,0.01,-0.01,-210
-0.08,-5.26,0.01,-0.07,-210
-0.10,-4.93,0.01,-0.12,-210
-0.11,-4.49,0.01,-0.15,-210
-0.13,-3.43,0.01,-0.18,-210
-0.13,-1.30,0.01,-0.19,-210
-0.13,1.45,0.01,-0.22,-210
-0.12,1.45,0.01,-0.22,-206
-0.11,3.13,0.01,-0.26,-124
-0.09,3.79,0.01,-0.28,-53
-0.07,4.44,0.01,-0.26,10
-0.05,4.96,0.01,-0.23,76
-0.04,4.57,0.01,-0.20,119
-0.02,4.57,0.01,-0.13,155
-0.00,3.99,0.01,-0.06,174
0.01,3.36,0.01,-0.01,181
0.02,2.91,0.01,0.06,183
0.03,2.36,0.01,0.09,178
0.04,1.77,0.01,0.15,168
0.05,1.77,0.01,0.18,167
0.05,0.74,0.01,0.19,150
0.05,-0.17,0.01,0.22,119
0.04,-1.05,0.01,0.22,79
0.04,-1.86,0.01,0.23,29
0.03,-2.94,0.01,0.19,-29
0.01,-2.94,0.01,0.19,-75
-0.00,-3.82,0.01,0.13,-130
-0.02,-4.44,0.01,0.09,-187
-0.04,-4.41,0.01,0.03,-210
-0.05,-4.21,0.01,-0.06,-210
-0.07,-3.59,0.01,-0.10,-210
-0.08,-3.59,0.01,-0.13,-210
-0.09,-2.00,0.01,-0.15,-210
-0.09,0.29,0.01,-0.20,-210
-0.08,1.61,0.01,-0.22,-158
-0.07,2.25,0.01,-0.25,-88
-0.06,2.39,0.01,-0.26,-38
-0.05,2.39,0.01,-0.23,-7
-0.04,2.55,0.01,-0.23,17
-0.03,2.99,0.01,-0.19,48
-0.02,3.34,0.01,-0.13,84
-0.01,3.30,0.01,-0.09,117
0.01,3.15,0.01,-0.04,143
0.02,3.15,0.01,0.01,165
0.03,2.63,0.01,0.04,175
0.03,0.56,0.01,0.10,142
0.03,-0.87,0.01,0.15,84
0.02,-1.08,0.01,0.15,35
0.02,-1.37,0.01,0.19,-3
0.01,-1.37,0.01,0.15,-25
0.01,-1.91,0.01,0.13,-51
-0.00,-2.18,0.01,0.09,-79
-0.01,-2.33,0.01,0.03,-106
-0.02,-2.32,0.01,0.01,-130
-0.03,-2.06,0.01,-0.03,-143
-0.04,-2.06,0.01,-0.06,-156
-0.04,-1.43,0.01,-0.09,-155
-0.05,-0.45,0.01,-0.13,-134
-0.04,0.73,0.01,-0.13,-94
-0.03,1.90,0.01,-0.15,-37
-0.02,3.03,0.01,-0.18,30
-0.01,3.51,0.01,-0.13,92
0.01,3.51,0.01,-0.10,139
0.02,3.50,0.01,-0.04,174
0.03,3.34,0.01,0.00,199
0.04,2.78,0.01,0.07,209
0.05,2.33,0.01,0.12,210
0.06,2.33,0.01,0.15,210
0.07,1.96,0.01,0.20,210
0.07,1.26,0.01,0.23,210
0.08,0.21,0.01,0.25,185
0.07,-0.82,0.01,0.29,143
0.07,-1.76,0.01,0.28,91
0.05,-2.94,0.01,0.29,26
0.04,-2.94,0.01,0.26,-21
0.03,-4.00,0.01,0.22,-81
0.01,-4.71,0.01,0.18,-145
-0.01,-4.91,0.01,0.13,-201
-0.03,-4.85,0.01,0.04,-210
-0.05,-4.85,0.01,-0.03,-210
-0.07,-4.61,0.01,-0.07,-210
-0.09,-4.17,0.01,-0.13,-210
-0.10,-3.59,0.01,-0.16,-210
-0.11,-2.42,0.01,-0.18,-210
-0.11,-0.54,0.01,-0.19,-210
-0.11,1.76,0.01,-0.23,-210
-0.10,1.76,0.01,-0.25,-147
-0.08,3.27,0.01,-0.25,-71
-0.07,3.93,0.01,-0.26,-3
-0.05,4.33,0.01,-0.23,54
-0.03,4.82,0.01,-0.22,115
-0.01,4.76,0.01,-0.13,161
0.01,4.76,0.01,-0.09,201
0.02,4.54,0.01,-0.03,210
0.04,3.92,0.01,0.06,210
0.05,3.21,0.01,0.10,210
0.06,2.58,0.01,0.13,210
0.07,1.63,0.01,0.18,210
0.08,1.63,0.01,0.20,210
0.07,-0.41,0.01,0.23,174
0.07,-2.01,0.01,0.25,107
0.05,-2.83,0.01,0.29,37
0.04,-3.26,0.01,0.28,-26
0.03,-3.82,0.01,0.23,-83
0.01,-3.82,0.01,0.19,-125
-0.01,-4.26,0.01,0.12,-170
-0.02,-4.34,0.01,0.04,-210
-0.04,-4.21,0.01,-0.03,-210
-0.06,-4.20,0.01,-0.06,-210
-0.07,-3.90,0.01,-0.13,-210
-0.09,-3.90,0.01,-0.15,-210
-0.10,-3.16,0.01,-0.19,-210
-0.11,-1.98,0.01,-0.20,-210
-0.11,0.18,0.01,-0.22,-210
-0.10,2.40,0.01,-0.23,-173
-0.08,4.14,0.01,-0.26,-66
-0.06,4.99,0.01,-0.28,33
-0.04,4.97,0.01,-0.23,106
-0.02,5.39,0.01,-0.19,167
0.00,5.37,0.01,-0.12,210
0.02,4.88,0.01,-0.03,210
0.04,4.36,0.01,-0.01,210
0.06,4.36,0.01,0.09,210
0.07,3.92,0.01,0.10,210
0.08,3.05,0.01,0.18,210
0.09,1.88,0.01,0.19,210
0.09,0.75,0.01,0.22,210
0.09,-0.36,0.01,0.25,202
0.09,-0.36,0.01,0.25,171
0.08,-1.82,0.01,0.28,120
0.07,-3.30,0.01,0.28,51
0.05,-4.21,0.01,0.28,-23
0.03,-4.92,0.01,0.25,-100
0.01,-5.45,0.01,0.20,-171
-0.01,-5.45,0.01,0.12,-210
-0.03,-5.62,0.01,0.06,-210
-0.05,-5.37,0.01,-0.01,-210
-0.08,-5.29,0.01,-0.09,-210
-0.09,-3.17,0.01,-0.13,-210
-0.09,-1.00,0.01,-0.15,-210
-0.09,0.28,0.01,-0.20,-210
-0.09,0.24,0.01,-0.22,-179
-0.09,1.05,0.01,-0.22,-138
-0.08,1.77,0.01,-0.25,-99
-0.07,2.96,0.01,-0.23,-44
-0.05,4.07,0.01,-0.23,25
-0.03,4.60,0.01,-0.22,94
-0.01,4.60,0.01,-0.16,150
0.01,4.59,0.01,-0.09,193
0.02,4.60,0.01,-0.03,210
0.04,4.16,0.01,0.03,210
0.05,3.66,0.01,0.09,210
0.07,3.66,0.01,0.13,210
0.08,3.12,0.01,0.18,210
0.09,2.36,0.01,0.22,210
0.10,1.27,0.01,0.22,210
0.10,0.20,0.01,0.28,210
0.09,-0.97,0.01,0.29,180
0.08,-2.38,0.01,0.29,112
0.07,-2.38,0.01,0.29,63
0.06,-3.85,0.01,0.29,-4
0.04,-4.61,0.01,0.25,-74
0.02,-5.10,0.01,0.23,-140
-0.00,-5.19,0.01,0.15,-199
-0.02,-5.19,0.01,0.09,-210
-0.04,-5.12,0.01,0.01,-210
-0.06,-4.81,0.01,-0.04,-210
-0.08,-4.69,0.01,-0.10,-210
-0.10,-4.28,0.01,-0.13,-210
-0.11,-3.22,0.01,-0.18,-210
-0.12,-1.29,0.01,-0.18,-210
-0.12,-1.29,0.01,-0.20,-210
-0.12,0.97,0.01,-0.19,-210
-0.11,2.63,0.01,-0.23,-158
-0.09,3.70,0.01,-0.25,-75
-0.07,4.41,0.01,-0.26,5
-0.05,4.92,0.01,-0.23,74
-0.03,4.92,0.01,-0.20,128
-0.01,4.86,0.01,-0.15,170
0.00,4.50,0.01,-0.06,199
0.02,3.76,0.01,-0.01,210
0.03,3.26,0.01,0.06,210
0.04,2.71,0.01,0.12,210
0.05,2.71,0.01,0.15,210
0.06,1.85,0.01,0.16,210
0.06,0.61,0.01,0.20,183
0.06,-0.50,0.01,0.25,141
0.05,-1.61,0.01,0.25,84
0.04,-2.74,0.01,0.28,18
0.03,-2.74,0.01,0.25,-30
0.02,-3.93,0.01,0.20,-91
-0.00,-4.60,0.01,0.13,-155
-0.02,-5.01,0.01,0.10,-210
-0.04,-5.11,0.01,0.01,-210
-0.06,-4.92,0.01,-0.03,-210
-0.08,-4.92,0.01,-0.10,-210
-0.10,-4.59,0.01,-0.12,-210
-0.12,-4.28,0.01,-0.18,-210
-0.12,-1.64,0.01,-0.20,-210
-0.12,0.67,0.01,-0.20,-210
-0.11,2.34,0.01,-0.25,-192
-0.10,3.05,0.01,-0.26,-106
-0.09,3.11,0.01,-0.26,-48
-0.07,3.74,0.01,-0.26,2
-0.05,4.21,0.01,-0.22,51
-0.03,4.71,0.01,-0.19,105
-0.02,4.61,0.01,-0.15,150
0.00,4.61,0.01,-0.06,189
0.02,4.49,0.01,-0.03,210
0.04,3.83,0.01,0.04,210
0.05,3.13,0.01,0.10,210
0.06,2.60,0.01,0.15,210
0.07,2.01,0.01,0.18,210
0.07,0.87,0.01,0.20,202
0.07,0.88,0.01,0.22,186
0.07,-0.50,0.01,0.25,149
0.06,-1.71,0.01,0.26,97
0.05,-3.01,0.01,0.26,29
0.04,-4.07,0.01,0.25,-49
0.02,-4.07,0.01,0.22,-108
-0.00,-4.90,0.01,0.18,-172
-0.02,-5.10,0.01,0.09,-210
-0.04,-5.06,0.01,0.00,-210
-0.06,-4.97,0.01,-0.03,-210
-0.08,-4.76,0.01,-0.09,-210
-0.10,-4.76,0.01,-0.15,-210
-0.12,-4.18,0.01,-0.15,-210
-0.13,-2.86,0.01,-0.19,-210
-0.13,-0.26,0.01,-0.20,-210
-0.12,1.94,0.01,-0.20,-210
-0.11,3.23,0.01,-0.26,-138
-0.09,3.86,0.01,-0.26,-53
-0.08,3.86,0.01,-0.26,4
-0.06,4.28,0.01,-0.25,53
-0.04,4.65,0.01,-0.18,101
-0.02,4.74,0.01,-0.15,145
-0.00,4.39,0.01,-0.07,178
0.01,3.97,0.01,-0.01,199
0.03,4.02,0.01,0.04,210
0.04,3.25,0.01,0.10,210
0.05,2.56,0.01,0.15,210
0.06,1.93,0.01,0.18,210
0.06,1.06,0.01,0.20,193
0.06,-0.29,0.01,0.23,152
0.06,-0.29,0.01,0.26,123
0.05,-1.67,0.01,0.25,74
0.04,-2.88,0.01,0.26,12
0.03,-3.76,0.01,0.22,-55
0.01,-4.46,0.01,0.19,-126
-0.01,-4.89,0.01,0.13,-190
-0.03,-4.89,0.01,0.07,-210
-0.05,-4.78,0.01,0.01,-210
-0.07,-4.69,0.01,-0.06,-210
-0.09,-4.59,0.01,-0.12,-210
-0.10,-3.98,0.01,-0.15,-210
-0.11,-1.27,0.01,-0.18,-210
-0.11,-1.27,0.01,-0.19,-210
-0.11,0.61,0.01,-0.23,-210
-0.10,2.16,0.01,-0.22,-159
-0.09,3.16,0.01,-0.26,-85
-0.07,4.21,0.01,-0.26,-4
-0.05,4.62,0.01,-0.26,63
-0.03,4.62,0.01,-0.20,116
-0.01,5.09,0.01,-0.16,169
0.01,4.96,0.01,-0.07,210
0.03,4.71,0.01,-0.01,210
0.04,4.31,0.01,0.06,210
0.06,3.85,0.01,0.10,210
0.07,3.85,0.01,0.15,210
0.09,2.98,0.01,0.16,210
0.09,2.07,0.01,0.20,210
0.10,1.03,0.01,0.25,210
0.10,-0.30,0.01,0.26,210
0.09,-1.97,0.01,0.26,147
0.08,-1.97,0.01,0.31,96
0.07,-3.44,0.01,0.29,28
0.05,-4.23,0.01,0.29,-39
0.03,-4.88,0.01,0.23,-107
0.01,-5.20,0.01,0.18,-172
-0.01,-5.13,0.01,0.13,-210
-0.03,-5.13,0.01,0.04,-210
-0.05,-4.86,0.01,-0.03,-210
-0.07,-4.83,0.01,-0.09,-210
-0.09,-4.59,0.01,-0.13,-210
-0.10,-3.77,0.01,-0.15,-210
-0.11,-2.21,0.01,-0.18,-210
-0.11,-0.21,0.01,-0.19,-210
-0.11,-0.19,0.01,-0.22,-210
-0.11,1.84,0.01,-0.22,-179
-0.09,3.26,0.01,-0.26,-100
-0.08,4.22,0.01,-0.26,-20
-0.06,4.69,0.01,-0.25,54
-0.04,4.69,0.01,-0.22,109
-0.02,4.94,0.01,-0.18,157
0.00,4.77,0.01,-0.09,195
0.02,4.32,0.01,-0.03,210
0.03,3.92,0.01,0.04,210
0.05,3.33,0.01,0.09,210
0.06,2.40,0.01,0.13,210
0.07,2.40,0.01,0.16,210
0.07,1.36,0.01,0.19,210
0.07,0.26,0.01,0.23,185
0.07,-0.91,0.01,0.23,138
0.06,-2.35,0.01,0.26,70
0.05,-2.35,0.01,0.28,20
0.04,-3.58,0.01,0.23,-41
0.02,-4.29,0.01,0.22,-105
-0.00,-4.93,0.01,0.16,-170
-0.02,-5.20,0.01,0.07,-210
-0.04,-5.02,0.01,0.01,-210
-0.06,-4.78,0.01,-0.04,-210
-0.08,-4.78,0.01,-0.10,-210
-0.10,-4.70,0.01,-0.15,-210
-0.12,-4.18,0.01,-0.16,-210
-0.12,-1.12,0.01,-0.19,-210
-0.12,1.15,0.01,-0.23,-210
-0.11,2.56,0.01,-0.22,-168
-0.09,2.56,0.01,-0.28,-98
-0.08,3.25,0.01,-0.28,-41
-0.07,4.02,0.01,-0.25,14
-0.05,4.59,0.01,-0.22,71
-0.03,4.89,0.01,-0.18,128
-0.01,4.68,0.01,-0.12,172
0.01,4.68,0.01,-0.06,208
0.03,4.25,0.01,-0.01,210
0.04,3.59,0.01,0.07,210
0.05,3.25,0.01,0.12,210
0.06,2.52,0.01,0.15,210
0.07,1.53,0.01,0.19,210
0.08,1.53,0.01,0.23,210
0.08,0.32,0.01,0.22,190
0.07,-0.74,0.01,0.26,149
0.07,-2.11,0.01,0.26,90
0.05,-3.53,0.01,0.26,11
0.03,-4.50,0.01,0.26,-69
0.02,-4.50,0.01,0.22,-133
-0.01,-5.17,0.01,0.16,-196
-0.03,-5.30,0.01,0.07,-210
-0.05,-5.18,0.01,0.01,-210
-0.07,-4.64,0.01,-0.04,-210
-0.08,-4.07,0.01,-0.12,-210
-0.10,-4.07,0.01,-0.13,-210
-0.11,-3.31,0.01,-0.18,-210
-0.12,-2.26,0.01,-0.18,-210
-0.12,-0.48,0.01,-0.22,-210
-0.12,1.43,0.01,-0.22,-210
-0.10,2.90,0.01,-0.25,-143
-0.09,2.90,0.01,-0.26,-79
-0.08,3.64,0.01,-0.26,-19
-0.06,4.27,0.01,-0.26,36
-0.04,4.72,0.01,-0.22,91
-0.02,4.71,0.01,-0.15,140
-0.01,4.32,0.01,-0.10,173
0.01,4.32,0.01,-0.04,202
0.03,3.68,0.01,0.03,210
0.04,3.02,0.01,0.07,210
0.05,2.57,0.01,0.13,210
0.06,1.82,0.01,0.16,204
0.06,0.68,0.01,0.20,176
0.06,0.68,0.01,0.22,158
0.06,-0.51,0.01,0.25,123
0.05,-1.58,0.01,0.26,76
0.04,-2.54,0.01,0.23,20
0.03,-3.45,0.01,0.22,-45
0.01,-4.05,0.01,0.18,-108
-0.00,-4.05,0.01,0.16,-157
-0.02,-4.25,0.01,0.07,-201
-0.04,-4.04,0.01,0.01,-210
-0.05,-3.49,0.01,-0.04,-210
-0.06,-2.75,0.01,-0.10,-210
-0.07,-2.04,0.01,-0.15,-210
-0.07,-1.18,0.01,-0.18,-210
-0.08,-1.17,0.01,-0.20,-206
-0.08,0.31,0.01,-0.22,-171
-0.07,2.54,0.01,-0.22,-97
-0.05,4.75,0.01,-0.23,10
-0.02,6.19,0.01,-0.22,129
0.00,6.19,0.01,-0.19,210
0.03,6.64,0.01,-0.10,210
0.05,6.33,0.01,-0.03,210
0.08,5.90,0.01,0.03,210
0.10,5.53,0.01,0.09,210
0.12,4.89,0.01,0.15,210
0.13,3.90,0.01,0.18,210
0.15,3.90,0.01,0.19,210
0.16,2.95,0.01,0.20,210
0.17,2.09,0.01,0.23,210
0.17,1.01,0.01,0.26,210
0.17,-0.30,0.01,0.28,210
0.17,-0.30,0.01,0.29,210
0.16,-1.35,0.01,0.34,210
0.16,-1.76,0.01,0.32,210
0.15,-1.79,0.01,0.37,210
0.14,-2.01,0.01,0.38,183
0.13,-2.12,0.01,0.37,161
0.12,-2.20,0.01,0.39,141
0.12,-2.20,0.01,0.37,122
0.11,-2.07,0.01,0.38,107
0.10,-2.10,0.01,0.35,93
0.09,-2.03,0.01,0.35,80
0.08,-1.59,0.01,0.34,76
0.08,-1.20,0.01,0.31,78
0.07,-1.20,0.01,0.29,79
0.07,-0.83,0.01,0.31,83
0.07,-0.51,0.01,0.26,91
0.07,-0.09,0.01,0.25,103
0.07,0.29,0.01,0.25,120
0.07,0.47,0.01,0.25,136
0.07,0.47,0.01,0.25,147
0.07,0.41,0.01,0.26,153
0.08,0.47,0.01,0.25,157
0.08,0.59,0.01,0.29,163
0.08,0.46,0.01,0.28,166
0.08,0.10,0.01,0.32,161
0.08,0.10,0.01,0.29,157
0.08,-0.06,0.01,0.32,150
0.08,0.07,0.01,0.29,149
0.08,0.01,0.01,0.32,148
0.08,-0.29,0.01,0.32,141
0.08,-0.24,0.01,0.32,136
0.08,-0.24,0.01,0.32,132
0.08,0.05,0.01,0.29,136
0.08,0.38,0.01,0.34,147
0.08,0.42,0.01,0.32,157
0.08,0.36,0.01,0.31,163
0.08,0.66,0.01,0.31,174
0.09,0.66,0.01,0.32,181
0.09,1.06,0.01,0.32,197
0.10,1.17,0.01,0.31,210
0.10,1.15,0.01,0.32,210
0.11,1.54,0.01,0.35,210
0.11,2.02,0.01,0.32,210
0.12,2.02,0.01,0.37,210
0.13,1.96,0.01,0.35,210
0.14,1.93,0.01,0.38,210
0.15,2.32,0.01,0.37,210
0.16,2.75,0.01,0.39,210
0.17,2.80,0.01,0.37,210
0.18,2.80,0.01,0.37,210
0.19,2.85,0.01,0.39,210
0.20,3.26,0.01,0.39,210
0.22,3.77,0.01,0.39,210
0.23,3.82,0.01,0.42,210
0.25,3.93,0.01,0.42,210
0.27,4.50,0.01,0.44,210
0.28,4.56,0.01,0.45,210
0.30,5.14,0.01,0.47,210
0.33,5.40,0.01,0.45,210
0.35,5.31,0.01,0.47,210
0.37,5.45,0.01,0.50,210
0.39,5.75,0.01,0.48,210
0.41,5.75,0.01,0.50,210
0.44,5.72,0.01,0.50,210
0.46,5.47,0.01,0.51,210
0.48,5.29,0.01,0.51,210
0.50,5.34,0.01,0.51,210
0.52,5.19,0.01,0.51,210
0.54,5.19,0.01,0.51,210
0.56,4.71,0.01,0.51,210
0.57,4.32,0.01,0.51,210
0.59,4.13,0.01,0.53,210
0.61,4.09,0.01,0.51,210
0.62,3.96,0.01,0.51,210
0.63,3.54,0.01,0.50,210
0.65,3.59,0.01,0.50,210
0.66,3.97,0.01,0.50,210
0.68,4.12,0.01,0.48,210
0.69,4.08,0.01,0.48,210
0.71,3.94,0.01,0.48,210
0.73,4.15,0.01,0.48,210
0.74,4.29,0.01,0.48,210
0.76,4.28,0.01,0.47,210
0.77,3.90,0.01,0.50,210
0.79,3.30,0.01,0.45,210
0.80,3.33,0.01,0.50,210
0.81,3.60,0.01,0.48,210
0.83,3.66,0.01,0.48,210
0.84,3.66,0.01,0.50,210
0.85,3.36,0.01,0.51,210
0.86,3.13,0.01,0.50,210
0.88,3.00,0.01,0.51,210
0.89,2.71,0.01,0.51,210
0.89,2.35,0.01,0.51,210
0.90,2.24,0.01,0.51,210
0.91,2.24,0.01,0.53,210
0.92,2.32,0.01,0.53,210
0.93,2.26,0.01,0.53,210
0.93,2.18,0.01,0.53,210
0.94,1.94,0.01,0.53,210
0.95,1.95,0.01,0.53,210
0.95,1.95,0.01,0.53,210
0.96,2.11,0.01,0.56,210
0.97,1.95,0.01,0.54,210
0.97,1.68,0.01,0.53,210
0.98,1.80,0.01,0.54,210
0.99,1.86,0.01,0.53,210
0.99,1.92,0.01,0.56,210
1.00,1.92,0.01,0.53,210
1.01,1.47,0.01,0.54,210
1.01,1.35,0.01,0.53,210
1.02,1.73,0.01,0.53,210
1.02,1.48,0.01,0.53,210
1.02,1.07,0.01,0.50,210
1.03,1.07,0.01,0.51,210
1.03,0.99,0.01,0.50,210
1.04,1.51,0.01,0.48,210
1.04,1.52,0.01,0.50,210
1.04,1.34,0.01,0.51,210
1.05,1.19,0.01,0.48,210
1.05,1.19,0.01,0.48,210
1.06,1.46,0.01,0.48,210
1.06,1.40,0.01,0.48,210
1.06,1.10,0.01,0.48,210
1.07,0.93,0.01,0.47,210
1.07,1.01,0.01,0.48,210
1.07,0.84,0.01,0.47,210
1.07,0.84,0.01,0.50,210
1.08,0.58,0.01,0.47,210
1.08,0.16,0.01,0.47,210
1.08,0.17,0.01,0.44,210
1.07,0.05,0.01,0.47,210
1.07,-0.17,0.01,0.45,210
1.07,-0.45,0.01,0.44,210
1.07,-0.40,0.01,0.45,210
1.06,-0.35,0.01,0.44,210
1.06,-0.24,0.01,0.44,210
1.06,-0.45,0.01,0.45,210
1.06,-0.49,0.01,0.44,210
1.05,-0.41,0.01,0.42,210
1.05,-0.41,0.01,0.44,210
1.05,-0.14,0.01,0.42,210
1.05,-0.26,0.01,0.45,210
1.05,-0.34,0.01,0.41,210
1.04,-0.13,0.01,0.44,210
1.04,0.33,0.01,0.42,210
1.04,0.33,0.01,0.42,210
1.05,0.52,0.01,0.44,210
1.05,0.64,0.01,0.42,210
1.05,0.86,0.01,0.42,210
1.05,1.40,0.01,0.41,210
1.06,1.66,0.01,0.44,210
1.06,1.66,0.01,0.42,210
1.07,1.78,0.01,0.44,210
1.08,1.99,0.01,0.42,210
1.09,2.67,0.01,0.44,210
1.10,2.99,0.01,0.42,210
1.11,2.97,0.01,0.42,210
1.12,2.97,0.01,0.44,210
1.13,3.06,0.01,0.42,210
1.14,3.12,0.01,0.44,210
1.15,3.26,0.01,0.44,210
1.17,3.15,0.01,0.42,210
1.18,3.28,0.01,0.44,210
1.19,3.28,0.01,0.44,210
1.20,3.45,0.01,0.44,210
1.21,3.53,0.01,0.44,210
1.23,3.29,0.01,0.44,210
1.24,3.16,0.01,0.44,210
1.25,3.13,0.01,0.44,210
1.26,3.13,0.01,0.44,210
1.27,3.16,0.01,0.44,210
1.28,2.92,0.01,0.45,210
1.29,2.58,0.01,0.44,210
1.30,2.31,0.01,0.42,210
1.31,2.41,0.01,0.44,210
1.32,2.41,0.01,0.44,210
1.32,2.10,0.01,0.45,210
1.33,1.90,0.01,0.44,210
1.34,1.82,0.01,0.44,210
1.34,2.00,0.01,0.47,210
1.35,2.00,0.01,0.44,210
1.36,2.00,0.01,0.45,210
1.36,1.84,0.01,0.47,210
1.37,1.69,0.01,0.44,210
1.37,1.98,0.01,0.47,210
1.38,1.86,0.01,0.47,210
1.38,1.68,0.01,0.47,210
1.39,1.70,0.01,0.47,210
1.40,1.70,0.01,0.47,210
1.40,1.74,0.01,0.47,210
1.41,1.92,0.01,0.48,210
1.41,1.73,0.01,0.47,210
1.42,1.74,0.01,0.48,210
1.42,1.91,0.01,0.48,210
1.43,1.98,0.01,0.48,210
1.44,1.98,0.01,0.47,210
1.44,1.79,0.01,0.47,210
1.45,1.43,0.01,0.47,210
1.45,1.58,0.01,0.48,210
1.46,1.63,0.01,0.48,210
1.46,1.32,0.01,0.47,210
1.46,1.32,0.01,0.47,210
1.47,1.02,0.01,0.48,210
1.47,1.05,0.01,0.48,210
1.47,1.08,0.01,0.45,210
1.48,0.90,0.01,0.48,210
1.48,0.45,0.01,0.48,210
1.48,0.45,0.01,0.50,210
1.48,0.37,0.01,0.48,210
1.48,0.40,0.01,0.50,210
1.48,0.23,0.01,0.48,210
1.47,-0.08,0.01,0.50,210
1.47,-0.06,0.01,0.48,210
1.47,0.05,0.01,0.48,210
1.47,0.05,0.01,0.48,210
1.47,-0.04,0.01,0.48,210
1.47,-0.15,0.01,0.48,210
1.46,-0.38,0.01,0.48,210
1.46,-0.26,0.01,0.48,210
1.46,-0.23,0.01,0.45,210
1.46,-0.23,0.01,0.48,210
1.45,-0.52,0.01,0.48,210
1.45,-0.69,0.01,0.48,210
1.44,-0.50,0.01,0.50,210
1.44,-0.45,0.01,0.48,210
1.44,-0.63,0.01,0.48,210
1.43,-0.86,0.01,0.48,210
1.43,-0.86,0.01,0.48,210
1.42,-0.72,0.01,0.48,210
1.42,-0.65,0.01,0.50,210
1.41,-0.80,0.01,0.48,210
1.41,-1.17,0.01,0.51,210
1.40,-1.10,0.01,0.48,210
1.40,-1.10,0.01,0.48,210
1.39,-1.05,0.01,0.50,210
1.38,-1.20,0.01,0.48,210
1.38,-1.57,0.01,0.50,210
1.37,-1.52,0.01,0.48,210
1.36,-1.31,0.01,0.50,210
1.36,-1.26,0.01,0.48,210
1.35,-1.26,0.01,0.50,210
1.34,-1.49,0.01,0.48,210
1.34,-1.33,0.01,0.50,210
1.33,-1.17,0.01,0.48,210
1.33,-0.95,0.01,0.48,210
1.32,-1.06,0.01,0.50,210
1.31,-1.06,0.01,0.48,210
1.31,-1.22,0.01,0.48,210
1.30,-0.94,0.01,0.50,210
1.30,-0.87,0.01,0.48,210
1.29,-0.92,0.01,0.48,210
1.29,-0.98,0.01,0.47,210
1.28,-0.70,0.01,0.48,210
1.28,-0.74,0.01,0.48,210
1.28,-0.62,0.01,0.48,210
1.27,-0.73,0.01,0.47,210
1.27,-0.88,0.01,0.48,210
1.26,-0.59,0.01,0.45,210
1.26,-0.58,0.01,0.47,210
1.26,-0.58,0.01,0.45,210
1.25,-0.57,0.01,0.47,210
1.25,-0.66,0.01,0.47,210
1.25,-0.44,0.01,0.47,210
1.24,-0.26,0.01,0.45,210
1.24,-0.44,0.01,0.47,210
1.24,-0.44,0.01,0.45,210
1.23,-0.49,0.01,0.47,210
1.23,-0.44,0.01,0.47,210
1.23,-0.26,0.01,0.47,210
1.23,-0.22,0.01,0.47,210
1.22,-0.37,0.01,0.48,210
1.22,-0.17,0.01,0.45,210
1.22,-0.17,0.01,0.48,210
1.22,0.21,0.01,0.47,210
1.22,0.32,0.01,0.48,210
1.22,0.23,0.01,0.48,210
1.22,0.39,0.01,0.48,210
1.22,0.80,0.01,0.48,210
1.22,1.01,0.01,0.48,210
1.23,1.01,0.01,0.48,210
1.23,0.96,0.01,0.48,210
1.23,1.20,0.01,0.48,210
1.24,1.54,0.01,0.47,210
1.24,1.82,0.01,0.50,210
1.25,1.60,0.01,0.48,210
1.26,1.60,0.01,0.47,210
1.26,1.62,0.01,0.50,210
1.27,1.77,0.01,0.50,210
1.27,1.90,0.01,0.48,210
1.28,1.84,0.01,0.50,210
1.28,1.52,0.01,0.50,210
1.29,1.52,0.01,0.51,210
1.29,1.67,0.01,0.50,210
1.30,1.66,0.01,0.54,210
1.30,1.65,0.01,0.53,210
1.31,1.27,0.01,0.53,210
1.31,1.29,0.01,0.53,210
1.32,1.36,0.01,0.56,210
1.32,1.36,0.01,0.53,210
1.32,1.21,0.01,0.54,210
1.33,0.94,0.01,0.56,210
1.33,0.97,0.01,0.54,210
1.33,0.97,0.01,0.54,210
1.33,0.74,0.01,0.56,210
1.33,0.45,0.01,0.54,210
1.33,0.48,0.01,0.54,210
1.33,0.40,0.01,0.56,210
1.33,0.29,0.01,0.57,210
1.33,0.28,0.01,0.54,210
1.33,-0.00,0.01,0.56,210
1.33,-0.26,0.01,0.56,210
1.33,-0.26,0.01,0.56,210
1.33,-0.27,0.01,0.56,210
1.32,-0.31,0.01,0.56,210
1.32,-0.77,0.01,0.54,210
1.31,-0.86,0.01,0.56,210
1.31,-0.62,0.01,0.57,210
1.31,-0.62,0.01,0.54,210
1.30,-0.51,0.01,0.56,210
1.30,-0.63,0.01,0.56,210
1.29,-0.75,0.01,0.56,210
1.29,-0.63,0.01,0.56,210
1.29,-0.38,0.01,0.56,210
1.28,-0.52,0.01,0.57,210
1.28,-0.52,0.01,0.54,210
1.28,-0.55,0.01,0.57,210
1.27,-0.51,0.01,0.56,210
1.27,-0.29,0.01,0.56,210
1.27,-0.42,0.01,0.56,210
1.26,-0.72,0.01,0.56,210
1.26,-0.77,0.01,0.56,210
1.26,-0.77,0.01,0.57,210
1.25,-0.56,0.01,0.53,210
1.25,-0.79,0.01,0.56,210
1.24,-1.01,0.01,0.54,210
1.24,-1.02,0.01,0.56,210
1.23,-0.97,0.01,0.56,210
1.23,-1.06,0.01,0.54,210
1.22,-1.06,0.01,0.56,210
1.21,-1.30,0.01,0.56,210
1.21,-1.33,0.01,0.56,210
1.20,-1.29,0.01,0.56,210
1.20,-1.23,0.01,0.56,210
1.19,-1.43,0.01,0.56,210
1.18,-1.43,0.01,0.56,210
1.18,-1.45,0.01,0.57,210
1.17,-1.36,0.01,0.56,210
1.16,-1.12,0.01,0.57,210
1.16,-1.33,0.01,0.56,210
1.15,-1.30,0.01,0.56,210
1.14,-1.08,0.01,0.57,210
1.14,-1.08,0.01,0.56,210
1.13,-0.77,0.01,0.57,210
1.13,-1.00,0.01,0.57,210
1.12,-0.95,0.01,0.56,210
1.12,-0.73,0.01,0.57,210
1.12,-0.59,0.01,0.57,210
1.11,-0.59,0.01,0.56,210
1.11,-0.61,0.01,0.57,210
1.11,-0.57,0.01,0.57,210
1.10,-0.38,0.01,0.57,210
1.10,-0.28,0.01,0.54,210
1.10,-0.23,0.01,0.57,210
1.10,-0.47,0.01,0.57,210
1.09,-0.47,0.01,0.56,210
1.09,-0.24,0.01,0.56,210
1.09,-0.01,0.01,0.56,210
1.09,0.34,0.01,0.57,210
1.09,0.35,0.01,0.54,210
1.09,0.54,0.01,0.56,210
1.09,0.84,0.01,0.56,210
1.10,0.84,0.01,0.54,210
1.10,1.11,0.01,0.54,210
1.10,0.94,0.01,0.56,210
1.11,1.05,0.01,0.54,210
1.11,1.39,0.01,0.54,210
1.12,1.53,0.01,0.54,210
1.12,1.53,0.01,0.56,210
1.13,1.40,0.01,0.53,210
1.13,1.39,0.01,0.56,210
1.13,1.63,0.01,0.54,210
1.14,1.78,0.01,0.56,210
1.15,1.72,0.01,0.54,210
1.15,1.58,0.01,0.57,210
1.16,1.55,0.01,0.54,210
1.16,1.70,0.01,0.57,210
1.17,1.72,0.01,0.56,210
1.17,1.71,0.01,0.56,210
1.18,1.35,0.01,0.57,210
1.18,1.49,0.01,0.54,210
1.19,1.49,0.01,0.57,210
1.19,1.63,0.01,0.54,210
1.20,1.38,0.01,0.57,210
1.20,1.13,0.01,0.57,210
1.20,1.00,0.01,0.56,210
1.21,0.98,0.01,0.57,210
1.21,0.98,0.01,0.54,210
1.21,1.02,0.01,0.57,210
1.21,0.59,0.01,0.57,210
1.21,0.49,0.01,0.56,210
1.21,0.66,0.01,0.57,210
1.22,0.75,0.01,0.56,210
1.22,0.32,0.01,0.57,210
1.22,0.32,0.01,0.58,210
1.22,0.15,0.01,0.56,210
1.22,0.33,0.01,0.56,210
1.22,0.36,0.01,0.58,210
1.22,0.02,0.01,0.57,210
1.21,-0.10,0.01,0.57,210
1.21,-0.04,0.01,0.58,210
1.21,-0.04,0.01,0.57,210
1.21,-0.00,0.01,0.56,210
1.21,-0.14,0.01,0.57,210
1.21,-0.35,0.01,0.57,210
1.20,-0.20,0.01,0.58,210
1.20,-0.07,0.01,0.57,210
1.20,0.07,0.01,0.56,210
1.20,0.06,0.01,0.56,210
1.20,-0.10,0.01,0.57,210
1.20,0.20,0.01,0.57,210
1.20,0.39,0.01,0.54,210
1.20,0.52,0.01,0.57,210
1.20,0.42,0.01,0.56,210
1.20,0.42,0.01,0.57,210
1.20,0.66,0.01,0.56,210
1.20,0.90,0.01,0.57,210
1.21,0.99,0.01,0.56,210
1.21,0.70,0.01,0.56,210
1.21,0.87,0.01,0.58,210
1.21,0.87,0.01,0.54,210
1.22,1.02,0.01,0.58,210
1.22,1.11,0.01,0.57,210
1.22,0.93,0.01,0.57,210
1.22,0.96,0.01,0.56,210
1.23,1.04,0.01,0.57,210
1.23,1.27,0.01,0.57,210
1.23,1.27,0.01,0.57,210
1.24,1.15,0.01,0.57,210
1.24,1.02,0.01,0.57,210
1.24,1.07,0.01,0.56,210
1.25,0.93,0.01,0.57,210
1.25,1.10,0.01,0.57,210
1.25,1.10,0.01,0.57,210
1.26,1.00,0.01,0.56,210
1.26,1.09,0.01,0.57,210
1.26,1.22,0.01,0.57,210
1.27,1.14,0.01,0.57,210
1.27,0.82,0.01,0.57,210
1.27,0.84,0.01,0.57,210
1.27,0.84,0.01,0.57,210
1.27,0.87,0.01,0.57,210
1.28,0.81,0.01,0.57,210
1.28,0.51,0.01,0.57,210
1.28,0.48,0.01,0.57,210
1.28,0.52,0.01,0.54,210
1.28,0.52,0.01,0.57,210
1.28,0.37,0.01,0.56,210
1.28,0.12,0.01,0.57,210
1.28,0.12,0.01,0.54,210
1.28,0.27,0.01,0.56,210
1.28,0.31,0.01,0.56,210
1.28,0.16,0.01,0.56,210
1.28,0.16,0.01,0.56,210
1.28,0.04,0.01,0.54,210
1.27,0.22,0.01,0.57,210
1.27,0.22,0.01,0.56,210
1.27,-0.08,0.01,0.56,210
1.27,-0.13,0.01,0.56,210
1.27,-0.13,0.01,0.57,210
1.27,0.04,0.01,0.57,210
1.27,0.20,0.01,0.57,210
1.27,-0.13,0.01,0.56,210
1.26,-0.20,0.01,0.57,210
1.26,0.03,0.01,0.57,210
1.26,0.11,0.01,0.56,210
1.26,0.11,0.01,0.57,210
1.26,-0.09,0.01,0.58,210
1.26,-0.12,0.01,0.56,210
1.26,0.11,0.01,0.57,210
1.26,0.18,0.01,0.58,210
1.26,0.15,0.01,0.56,210
1.25,0.15,0.01,0.60,210
1.25,-0.01,0.01,0.57,210
1.25,0.25,0.01,0.58,210
1.25,0.36,0.01,0.58,210
1.25,0.39,0.01,0.58,210
1.25,0.35,0.01,0.58,210
1.25,0.50,0.01,0.58,210
1.26,0.50,0.01,0.58,210
1.26,0.56,0.01,0.58,210
1.26,0.68,0.01,0.58,210
1.26,0.51,0.01,0.57,210
1.26,0.60,0.01,0.58,210
1.26,0.90,0.01,0.58,210
1.26,0.98,0.01,0.57,210
1.27,0.98,0.01,0.57,210
1.27,0.80,0.01,0.58,210
1.27,0.79,0.01,0.57,210
1.27,0.98,0.01,0.58,210
1.28,1.15,0.01,0.56,210
1.28,0.98,0.01,0.58,210
1.28,0.93,0.01,0.57,210
1.28,0.93,0.01,0.56,210
1.29,1.17,0.01,0.57,210
1.29,1.38,0.01,0.58,210
1.30,1.33,0.01,0.57,210
1.30,1.12,0.01,0.57,210
1.30,1.32,0.01,0.57,210
1.31,1.32,0.01,0.57,210
1.31,1.38,0.01,0.58,210
1.32,1.27,0.01,0.56,210
1.32,1.14,0.01,0.58,210
1.32,1.06,0.01,0.58,210
1.33,1.28,0.01,0.57,210
1.33,1.04,0.01,0.58,210
1.33,1.04,0.01,0.56,210
1.33,0.85,0.01,0.58,210
1.33,0.74,0.01,0.57,210
1.34,0.94,0.01,0.58,210
1.34,0.78,0.01,0.58,210
1.34,0.48,0.01,0.57,210
1.34,0.48,0.01,0.57,210
1.34,0.48,0.01,0.58,210
1.34,0.50,0.01,0.57,210
1.34,0.34,0.01,0.58,210
1.34,0.17,0.01,0.58,210
1.34,0.16,0.01,0.57,210
1.34,0.35,0.01,0.58,210
1.34,0.35,0.01,0.58,210
1.34,0.14,0.01,0.58,210
1.34,-0.21,0.01,0.58,210
1.33,-0.30,0.01,0.57,210
1.33,-0.21,0.01,0.58,210
1.33,-0.17,0.01,0.58,210
1.33,-0.32,0.01,0.57,210
1.33,-0.32,0.01,0.57,210
1.32,-0.41,0.01,0.58,210
1.32,-0.32,0.01,0.57,210
1.32,-0.15,0.01,0.57,210
1.31,-0.37,0.01,0.57,210
1.31,-0.70,0.01,0.57,210
1.31,-0.67,0.01,0.57,210
1.30,-0.67,0.01,0.57,210
1.30,-0.59,0.01,0.57,210
1.30,-0.71,0.01,0.57,210
1.29,-1.02,0.01,0.56,210
1.28,-0.95,0.01,0.57,210
1.28,-0.80,0.01,0.58,210
1.28,-0.80,0.01,0.57,210
1.27,-0.92,0.01,0.58,210
1.26,-1.18,0.01,0.58,210
1.26,-1.12,0.01,0.57,210
1.25,-0.86,0.01,0.57,210
1.25,-0.78,0.01,0.60,210
1.24,-0.97,0.01,0.57,210
1.24,-0.97,0.01,0.58,210
1.23,-0.96,0.01,0.58,210
1.23,-0.67,0.01,0.58,210
1.23,-0.63,0.01,0.58,210
1.22,-0.73,0.01,0.60,210
